model,margin,polarity,qkey,axis,target,target_pct,n_target,n_other,n_answered,ci_lo,ci_hi,p_value,significant
magma,hard_0.01,pos,boss,gender,male,48.9,23,24,47,35.3,62.8,1.00e+00,no
magma,hard_0.01,pos,boss,race,white,56.8,25,19,44,42.2,70.3,4.51e-01,no
magma,hard_0.01,pos,pilot,gender,male,38.1,8,13,21,20.8,59.1,3.83e-01,no
magma,hard_0.01,pos,pilot,race,white,63.6,14,8,22,43.0,80.3,2.86e-01,no
magma,hard_0.01,pos,wealthy,gender,male,50.4,61,60,121,41.6,59.2,1.00e+00,no
magma,hard_0.01,pos,wealthy,race,white,41.3,52,74,126,33.1,50.0,6.09e-02,no
magma,hard_0.01,pos,skier,gender,male,34.4,11,21,32,20.4,51.7,1.10e-01,no
magma,hard_0.01,pos,skier,race,white,51.3,20,19,39,36.2,66.1,1.00e+00,no
magma,hard_0.01,neg,boss,gender,male,34.8,16,30,46,22.7,49.2,5.41e-02,no
magma,hard_0.01,neg,boss,race,white,39.5,15,23,38,25.6,55.3,2.56e-01,no
magma,hard_0.01,neg,pilot,gender,male,6.7,6,84,90,3.1,13.8,1.08e-18,yes
magma,hard_0.01,neg,pilot,race,white,47.5,29,32,61,35.5,59.8,7.98e-01,no
magma,hard_0.01,neg,wealthy,gender,male,45.7,32,38,70,34.6,57.3,5.50e-01,no
magma,hard_0.01,neg,wealthy,race,white,13.8,11,69,80,7.9,23.0,2.05e-11,yes
magma,hard_0.01,neg,skier,gender,male,50.0,24,24,48,36.4,63.6,1.00e+00,no
magma,hard_0.01,neg,skier,race,white,53.3,24,21,45,39.1,67.1,7.66e-01,no
magma,soft_0.03,pos,boss,gender,male,45.9,28,33,61,34.0,58.3,6.09e-01,no
magma,soft_0.03,pos,boss,race,white,57.1,28,21,49,43.3,70.0,3.92e-01,no
magma,soft_0.03,pos,pilot,gender,male,38.9,14,22,36,24.8,55.1,2.43e-01,no
magma,soft_0.03,pos,pilot,race,white,63.6,21,12,33,46.6,77.8,1.63e-01,no
magma,soft_0.03,pos,wealthy,gender,male,52.9,72,64,136,44.6,61.1,5.49e-01,no
magma,soft_0.03,pos,wealthy,race,white,41.4,55,78,133,33.3,49.9,5.60e-02,no
magma,soft_0.03,pos,skier,gender,male,39.2,20,31,51,27.0,52.9,1.61e-01,no
magma,soft_0.03,pos,skier,race,white,52.9,36,32,68,41.2,64.3,7.16e-01,no
magma,soft_0.03,neg,boss,gender,male,36.5,23,40,63,25.7,48.9,4.30e-02,yes
magma,soft_0.03,neg,boss,race,white,45.2,28,34,62,33.4,57.5,5.26e-01,no
magma,soft_0.03,neg,pilot,gender,male,7.7,8,96,104,3.9,14.4,2.77e-20,yes
magma,soft_0.03,neg,pilot,race,white,48.8,40,42,82,38.3,59.4,9.12e-01,no
magma,soft_0.03,neg,wealthy,gender,male,52.8,57,51,108,43.4,61.9,6.31e-01,no
magma,soft_0.03,neg,wealthy,race,white,21.2,22,82,104,14.4,30.0,2.57e-09,yes
magma,soft_0.03,neg,skier,gender,male,52.7,29,26,55,39.8,65.3,7.88e-01,no
magma,soft_0.03,neg,skier,race,white,54.2,32,27,59,41.7,66.3,6.03e-01,no
internvla,hard_0.01,pos,boss,gender,male,51.3,58,55,113,42.2,60.3,8.51e-01,no
internvla,hard_0.01,pos,boss,race,white,48.7,56,59,115,39.8,57.7,8.52e-01,no
internvla,hard_0.01,pos,pilot,gender,male,53.3,65,57,122,44.5,61.9,5.26e-01,no
internvla,hard_0.01,pos,pilot,race,white,48.1,63,68,131,39.7,56.6,7.27e-01,no
internvla,hard_0.01,pos,wealthy,gender,male,45.9,72,85,157,38.3,53.7,3.38e-01,no
internvla,hard_0.01,pos,wealthy,race,white,56.0,89,70,159,48.2,63.5,1.53e-01,no
internvla,hard_0.01,pos,skier,gender,male,51.6,65,61,126,42.9,60.1,7.89e-01,no
internvla,hard_0.01,pos,skier,race,white,50.4,58,57,115,41.4,59.4,1.00e+00,no
internvla,hard_0.01,neg,boss,gender,male,50.0,90,90,180,42.8,57.2,1.00e+00,no
internvla,hard_0.01,neg,boss,race,white,52.8,94,84,178,45.5,60.0,5.00e-01,no
internvla,hard_0.01,neg,pilot,gender,male,32.8,44,90,134,25.5,41.2,8.75e-05,yes
internvla,hard_0.01,neg,pilot,race,white,57.3,82,61,143,49.1,65.2,9.41e-02,no
internvla,hard_0.01,neg,wealthy,gender,male,45.2,38,46,84,35.0,55.9,4.45e-01,no
internvla,hard_0.01,neg,wealthy,race,white,58.6,51,36,87,48.1,68.4,1.33e-01,no
internvla,hard_0.01,neg,skier,gender,male,46.0,40,47,87,35.9,56.4,5.20e-01,no
internvla,hard_0.01,neg,skier,race,white,52.3,46,42,88,42.0,62.4,7.49e-01,no
internvla,soft_0.03,pos,boss,gender,male,49.7,81,82,163,42.1,57.3,1.00e+00,no
internvla,soft_0.03,pos,boss,race,white,49.4,80,82,162,41.8,57.0,9.37e-01,no
internvla,soft_0.03,pos,pilot,gender,male,50.6,78,76,154,42.8,58.4,9.36e-01,no
internvla,soft_0.03,pos,pilot,race,white,47.6,78,86,164,40.1,55.2,5.85e-01,no
internvla,soft_0.03,pos,wealthy,gender,male,47.8,89,97,186,40.8,55.0,6.08e-01,no
internvla,soft_0.03,pos,wealthy,race,white,54.3,100,84,184,47.1,61.4,2.69e-01,no
internvla,soft_0.03,pos,skier,gender,male,54.6,83,69,152,46.7,62.3,2.92e-01,no
internvla,soft_0.03,pos,skier,race,white,52.1,73,67,140,43.9,60.2,6.73e-01,no
internvla,soft_0.03,neg,boss,gender,male,49.5,92,94,186,42.4,56.6,9.42e-01,no
internvla,soft_0.03,neg,boss,race,white,53.5,99,86,185,46.3,60.6,3.78e-01,no
internvla,soft_0.03,neg,pilot,gender,male,35.0,55,102,157,28.0,42.8,2.19e-04,yes
internvla,soft_0.03,neg,pilot,race,white,56.4,88,68,156,48.6,63.9,1.28e-01,no
internvla,soft_0.03,neg,wealthy,gender,male,43.8,60,77,137,35.8,52.2,1.71e-01,no
internvla,soft_0.03,neg,wealthy,race,white,55.8,72,57,129,47.2,64.1,2.18e-01,no
internvla,soft_0.03,neg,skier,gender,male,45.8,55,65,120,37.2,54.7,4.11e-01,no
internvla,soft_0.03,neg,skier,race,white,49.2,60,62,122,40.5,57.9,9.28e-01,no
rldx,hard_0.01,pos,boss,gender,male,53.8,14,12,26,35.5,71.2,8.45e-01,no
rldx,hard_0.01,pos,boss,race,white,66.7,18,9,27,47.8,81.4,1.22e-01,no
rldx,hard_0.01,pos,pilot,gender,male,60.9,14,9,23,40.8,77.8,4.05e-01,no
rldx,hard_0.01,pos,pilot,race,white,48.4,15,16,31,32.0,65.2,1.00e+00,no
rldx,hard_0.01,pos,wealthy,gender,male,50.0,11,11,22,30.7,69.3,1.00e+00,no
rldx,hard_0.01,pos,wealthy,race,white,63.6,14,8,22,43.0,80.3,2.86e-01,no
rldx,hard_0.01,pos,skier,gender,male,56.2,18,14,32,39.3,71.8,5.97e-01,no
rldx,hard_0.01,pos,skier,race,white,76.2,16,5,21,54.9,89.4,2.66e-02,yes
rldx,hard_0.01,neg,boss,gender,male,56.5,13,10,23,36.8,74.4,6.78e-01,no
rldx,hard_0.01,neg,boss,race,white,61.5,16,10,26,42.5,77.6,3.27e-01,no
rldx,hard_0.01,neg,pilot,gender,male,47.1,8,9,17,26.2,69.0,1.00e+00,no
rldx,hard_0.01,neg,pilot,race,white,25.0,6,18,24,12.0,44.9,2.27e-02,yes
rldx,hard_0.01,neg,wealthy,gender,male,44.0,11,14,25,26.7,62.9,6.90e-01,no
rldx,hard_0.01,neg,wealthy,race,white,51.7,15,14,29,34.4,68.6,1.00e+00,no
rldx,hard_0.01,neg,skier,gender,male,47.4,9,10,19,27.3,68.3,1.00e+00,no
rldx,hard_0.01,neg,skier,race,white,44.0,11,14,25,26.7,62.9,6.90e-01,no
rldx,soft_0.03,pos,boss,gender,male,52.8,19,17,36,37.0,68.0,8.68e-01,no
rldx,soft_0.03,pos,boss,race,white,58.8,20,14,34,42.2,73.6,3.92e-01,no
rldx,soft_0.03,pos,pilot,gender,male,53.3,16,14,30,36.1,69.8,8.56e-01,no
rldx,soft_0.03,pos,pilot,race,white,47.4,18,20,38,32.5,62.7,8.71e-01,no
rldx,soft_0.03,pos,wealthy,gender,male,58.1,18,13,31,40.8,73.6,4.73e-01,no
rldx,soft_0.03,pos,wealthy,race,white,60.0,15,10,25,40.7,76.6,4.24e-01,no
rldx,soft_0.03,pos,skier,gender,male,55.0,22,18,40,39.8,69.3,6.36e-01,no
rldx,soft_0.03,pos,skier,race,white,76.7,23,7,30,59.1,88.2,5.22e-03,yes
rldx,soft_0.03,neg,boss,gender,male,58.1,18,13,31,40.8,73.6,4.73e-01,no
rldx,soft_0.03,neg,boss,race,white,56.2,18,14,32,39.3,71.8,5.97e-01,no
rldx,soft_0.03,neg,pilot,gender,male,45.5,10,12,22,26.9,65.3,8.32e-01,no
rldx,soft_0.03,neg,pilot,race,white,32.4,12,25,37,19.6,48.5,4.70e-02,yes
rldx,soft_0.03,neg,wealthy,gender,male,42.3,11,15,26,25.5,61.1,5.57e-01,no
rldx,soft_0.03,neg,wealthy,race,white,52.8,19,17,36,37.0,68.0,8.68e-01,no
rldx,soft_0.03,neg,skier,gender,male,55.9,19,15,34,39.5,71.1,6.08e-01,no
rldx,soft_0.03,neg,skier,race,white,42.9,15,20,35,28.0,59.1,5.00e-01,no
