topic,demo,metric,d,dz,n_pos,n_neg,t,p,q
criminal,asian→black,d_approach_retreat,-0.092,-0.024776558662980928,250,250,-0.27701034709468325,0.7818895716971394,0.9788040824872087
criminal,asian→black,d_latency,-0.08200000000000002,-0.03159157829493481,250,250,-0.35320458291990564,0.7241005360262021,0.8490747813390584
criminal,asian→black,d_peak_speed,4.978521913290024e-05,0.014242214329702081,250,250,0.15923279695667727,0.8735568926704044,0.9455530007101138
criminal,asian→black,d_time_to_half,-0.136,-0.0417828102655263,250,250,-0.46714602022346424,0.6406003917452637,0.9671091765318611
criminal,asian→black,pull_AUC,-2.3783487955951257,-0.136128328026578,250,250,-1.5219609756540913,0.12866559318356346,0.35008216988970076
criminal,asian→black,pull_MAD,-4.897566587932524,-0.1280197348162207,250,250,-1.4313041475528303,0.1529808653427424,0.38245216335685606
criminal,asian→black,pull_early,-0.2359285654034471,-0.03193602794584504,250,250,-0.3570556470912124,0.7212103684509021,0.9164278349250786
criminal,asian→black,pull_final,-4.466653837073276,-0.07426516279805741,97,118,-0.5347598443522802,0.5934930665938862,0.9273646528276573
criminal,asian→black,pull_release,-4.707476417301223,-0.13210000787381715,250,250,-1.4769229871705627,0.14034170184388334,0.32386546579357695
criminal,asian→black,pull_tcp,4.113362905103713,0.04868567751979108,250,250,0.5443224223244311,0.5864656574385874,0.8080617890073593
criminal,asian→black,q_exploded,0.023999999999999994,0.10573808473366217,250,250,1.1821877263755067,0.2377014155156782,0.3961690258594637
criminal,asian→black,q_jerk_in_grasp,0.012000000000000004,0.07390325286794258,250,250,0.8262634858553796,0.40905140544024765,0.45450156160027516
criminal,asian→black,q_tile_drift,0.011194241970777535,0.011224392661195159,250,250,0.12549252498291072,0.9002049434215595,0.9312464931947168
criminal,asian→black,xpos_reversals,0.2620000000000001,0.3139846045589178,250,250,3.510454598410653,0.0004888198429554699,0.004643559449275452
criminal,asian→latino,d_approach_retreat,0.176,0.042968430036295635,250,250,0.480401652238004,0.6311583743452349,0.9788040824872087
criminal,asian→latino,d_latency,-0.45599999999999996,-0.1815178527186947,250,250,-2.0294312890439814,0.04297385072696281,0.31246062072872827
criminal,asian→latino,d_peak_speed,0.0006861037686467171,0.102932518732619,250,250,1.150820544907033,0.2503726510058231,0.6251868676206269
criminal,asian→latino,d_time_to_half,0.16799999999999998,0.04467490201875205,250,250,0.4994805890103609,0.6176776540120529,0.9671091765318611
criminal,asian→latino,pull_AUC,-1.241338775388122,-0.07141669958344608,250,250,-0.7984629749863317,0.42499333929626526,0.6353416351089988
criminal,asian→latino,pull_MAD,-1.8526275581572553,-0.05019631596903193,250,250,-0.5612118736340681,0.5749104487398906,0.7374856830957964
criminal,asian→latino,pull_early,-0.20355394515208886,-0.029770120030054432,250,250,-0.332840060427649,0.7394143595621248,0.9164278349250786
criminal,asian→latino,pull_final,-3.7455760653919117,-0.059385075767812406,108,123,-0.4492252389827174,0.6537121177946064,0.9273646528276573
criminal,asian→latino,pull_release,-2.962316658697091,-0.08503655590275472,250,250,-0.9507375978551026,0.34220458477164506,0.5350041984215996
criminal,asian→latino,pull_tcp,5.096184940543026,0.06886941779833379,250,250,0.7699834988395414,0.4416751814891895,0.7794267908632755
criminal,asian→latino,q_exploded,0.039999999999999994,0.18863758159988755,250,250,2.10903227784256,0.035455711480949385,0.1329589180535602
criminal,asian→latino,q_jerk_in_grasp,0.0,0.0,250,250,0.0,1.0,1.0
criminal,asian→latino,q_tile_drift,0.08343973241746425,0.09945018728657423,250,250,1.1118868957393266,0.2670969625268839,0.44440709706104337
criminal,asian→latino,xpos_reversals,0.10999999999999999,0.13976873719088123,250,250,1.5626619874405674,0.11876956830184253,0.25450621778966254
criminal,asian→middle_eastern,d_approach_retreat,-0.502,-0.1471059583831746,250,250,-1.6446946142001677,0.10068363437505837,0.7724007151506107
criminal,asian→middle_eastern,d_latency,0.208,0.08117006539136927,250,250,0.9075089197660238,0.36460187506332,0.7289567398775895
criminal,asian→middle_eastern,d_peak_speed,4.013416171073914e-05,0.008620046789159874,250,250,0.09637505294895138,0.9232618003709042,0.9455530007101138
criminal,asian→middle_eastern,d_time_to_half,0.33999999999999997,0.11117102468701412,250,250,1.242929841642354,0.21457934334096274,0.9196257571755545
criminal,asian→middle_eastern,pull_AUC,-0.40923119962915666,-0.024083501068747896,250,250,-0.2692617276295457,0.787839928285144,0.9090460710982431
criminal,asian→middle_eastern,pull_MAD,-4.007789497801569,-0.11022003340173776,250,250,-1.2322974358429153,0.2184290681923329,0.4368581363846658
criminal,asian→middle_eastern,pull_early,0.4394111100118609,0.06665843987125106,250,250,0.7452640141309984,0.45648491486558584,0.8559092153729735
criminal,asian→middle_eastern,pull_final,4.56347770090449,0.08257230357060713,111,127,0.6306704041424132,0.5289451630402245,0.8815752717337076
criminal,asian→middle_eastern,pull_release,-2.7630972566548735,-0.08162732587407821,250,250,-0.9126212473798314,0.3618849289744578,0.5350041984215996
criminal,asian→middle_eastern,pull_tcp,7.546051304903813,0.09868621389964095,250,250,1.1033454136084089,0.27042236960447497,0.6760559240111874
criminal,asian→middle_eastern,q_exploded,0.048,0.2292079050474999,250,250,2.562622283332635,0.010719825381254933,0.06818367411833291
criminal,asian→middle_eastern,q_jerk_in_grasp,0.022,0.11960526208830372,250,250,1.3372274824806278,0.18180834567233023,0.2272604320904128
criminal,asian→middle_eastern,q_tile_drift,0.15734929910302162,0.13307175444867325,250,250,1.4877874441619667,0.13797094425295328,0.3472582837820166
criminal,asian→middle_eastern,xpos_reversals,0.128,0.1559005605447471,250,250,1.7430212555418807,0.08194828235235968,0.2048707058808992
criminal,black→latino,d_approach_retreat,-0.016,-0.0043235804982225574,250,250,-0.048339099501090235,0.9614655121543437,0.9788040824872087
criminal,black→latino,d_latency,-0.16799999999999998,-0.06236631278528678,250,250,-0.6972765744695775,0.485971159918393,0.7289567398775895
criminal,black→latino,d_peak_speed,-0.0005609372332692147,-0.12748847304434013,250,250,-1.4253644603739706,0.1548273129371142,0.42225630801031144
criminal,black→latino,d_time_to_half,-0.025999999999999995,-0.008065465604793825,250,250,-0.09017464681252722,0.928191313750601,0.9671091765318611
criminal,black→latino,pull_AUC,2.4617016960172218,0.1544474841086854,250,250,1.7267753671041952,0.0848296427820453,0.282765475940151
criminal,black→latino,pull_MAD,5.034650603709743,0.1418424902808124,250,250,1.5858472518287485,0.11340889773134961,0.33587304463562473
criminal,black→latino,pull_early,0.09688990702852601,0.017432303895703688,250,250,0.1948990825761393,0.8455626913837422,0.9164278349250786
criminal,black→latino,pull_final,2.8436288137472623,0.045281684736611004,94,126,0.32595418939575566,0.7448664311379749,0.9273646528276573
criminal,black→latino,pull_release,6.192000562790781,0.18644652392627023,250,250,2.084535508338406,0.03762043193237109,0.1612304225673047
criminal,black→latino,pull_tcp,-4.357502912869677,-0.05253026901205217,250,250,-0.5873062619364969,0.5572652883128592,0.8080617890073593
criminal,black→latino,q_exploded,0.027999999999999997,0.12534067530745258,250,250,1.4013513516659664,0.16173801199437524,0.3165141238486387
criminal,black→latino,q_jerk_in_grasp,0.022000000000000006,0.10461149139395999,250,250,1.1695920299226439,0.2427474512367245,0.28009321296545137
criminal,black→latino,q_tile_drift,-0.07843774050474167,-0.1514104241229742,250,250,-1.6928200042052213,0.09140278075914192,0.3472582837820166
criminal,black→latino,xpos_reversals,-0.08000000000000007,-0.09426881109933746,250,250,-1.053957348881026,0.2924297588647101,0.4386446382970652
criminal,black→middle_eastern,d_approach_retreat,-0.082,-0.023963262381761146,250,250,-0.2679174182414072,0.7888805777419745,0.9788040824872087
criminal,black→middle_eastern,d_latency,0.202,0.07952621997311626,250,250,0.8891301692674475,0.3744356393502434,0.7289567398775895
criminal,black→middle_eastern,d_peak_speed,0.0002569145113229752,0.09859592260272228,250,250,1.102335926219975,0.27091430930227167,0.6251868676206269
criminal,black→middle_eastern,d_time_to_half,0.238,0.06552464550938424,250,250,0.7325878078027974,0.4641569855311629,0.9671091765318611
criminal,black→middle_eastern,pull_AUC,1.5291970245691657,0.09003752385358418,250,250,1.0066501193118653,0.31460221899352653,0.5231736388371074
criminal,black→middle_eastern,pull_MAD,4.175910993407596,0.11469649708656754,250,250,1.2823458213333578,0.20032308263331108,0.42926374849995236
criminal,black→middle_eastern,pull_early,0.18805029760114822,0.029858827475629526,250,250,0.33383183981973036,0.7386783560848306,0.9164278349250786
criminal,black→middle_eastern,pull_final,3.57350246025074,0.06520173486275851,104,123,0.48735562885674394,0.6265155886006339,0.9273646528276573
criminal,black→middle_eastern,pull_release,3.2967007141560316,0.09806373229343375,250,250,1.096385857677296,0.27344358953893894,0.5350041984215996
criminal,black→middle_eastern,pull_tcp,-10.103781434707344,-0.13782608565003324,250,250,-1.5409424829309128,0.12397622372071009,0.4132540790690336
criminal,black→middle_eastern,q_exploded,0.0059999999999999915,0.029118035891655687,250,250,0.325549538125104,0.7449019939067429,0.8349166048592794
criminal,black→middle_eastern,q_jerk_in_grasp,0.008,0.047306320265768795,250,250,0.5289007393981747,0.5971137193016589,0.6177038475534403
criminal,black→middle_eastern,q_tile_drift,-0.034877515405416504,-0.05367514523614606,250,250,-0.6001063672509829,0.5488239810662652,0.7483963378176344
criminal,black→middle_eastern,xpos_reversals,0.13600000000000012,0.16305563198261008,250,250,1.8230173861365249,0.06890774746124284,0.1879302203488441
criminal,latino→middle_eastern,d_approach_retreat,0.202,0.05413907068036051,250,250,0.6052932113997594,0.5452599206765794,0.9788040824872087
criminal,latino→middle_eastern,d_latency,0.0,0.0,250,250,0.0,1.0,1.0
criminal,latino→middle_eastern,d_peak_speed,3.16284671425819e-05,0.00981245652528301,250,250,0.10970659908397098,0.91268690047404,0.9455530007101138
criminal,latino→middle_eastern,d_time_to_half,0.248,0.07101147431530361,250,250,0.793932418757496,0.42762060007266456,0.9671091765318611
criminal,latino→middle_eastern,pull_AUC,-0.5483244275882493,-0.0334274315515004,250,250,-0.37373004631188084,0.7087653980076917,0.8505184776092299
criminal,latino→middle_eastern,pull_MAD,-0.3410906182462353,-0.009478433019893324,250,250,-0.10597210276330044,0.9156472782065737,0.9156472782065737
criminal,latino→middle_eastern,pull_early,-0.692304358817637,-0.10493025689344641,250,250,-1.1731559365513105,0.24133277997564043,0.8044425999188014
criminal,latino→middle_eastern,pull_final,0.873755082321404,0.013451701580043959,129,131,0.10857063760518004,0.9136340073361966,0.9273646528276573
criminal,latino→middle_eastern,pull_release,-0.5671986150555313,-0.016650248030923638,250,250,-0.18615543219688638,0.8523992123907211,0.9224699916854523
criminal,latino→middle_eastern,pull_tcp,-7.401681204326451,-0.10281183120710326,250,250,-1.1494712173515855,0.2509137793813918,0.6760559240111874
criminal,latino→middle_eastern,q_exploded,0.027999999999999997,0.13087672857963037,250,250,1.463246308884215,0.1440470672180747,0.30867228689587434
criminal,latino→middle_eastern,q_jerk_in_grasp,0.022,0.1417900880173633,250,250,1.5852613767125139,0.11358723571645991,0.16226747959494273
criminal,latino→middle_eastern,q_tile_drift,-0.008828911289572722,-0.02920909181147683,250,250,-0.32656757425747335,0.7441360549687928,0.8725700206589423
criminal,latino→middle_eastern,xpos_reversals,-0.052000000000000046,-0.07067976951111296,250,250,-0.7902238463043284,0.42977897874726223,0.5741469412606299
education,asian→black,d_approach_retreat,-0.25,-0.06666272591838365,250,250,-0.7453119335947148,0.4564354627567162,0.9788040824872087
education,asian→black,d_latency,0.492,0.17415966999111707,250,250,1.94716430519534,0.05207677012145471,0.31246062072872827
education,asian→black,d_peak_speed,-4.9596406519412985e-05,-0.014781977139147605,250,250,-0.16526752862490954,0.8688030889600483,0.9455530007101138
education,asian→black,d_time_to_half,0.162,0.033982062445313474,250,250,0.37993100821681824,0.7041617957675279,0.9671091765318611
education,asian→black,pull_AUC,-3.745655399999856,-0.19823154113060495,250,250,-2.216296006262891,0.027130064756907706,0.15104151484998715
education,asian→black,pull_MAD,-8.426988779252861,-0.21503876434851338,250,250,-2.4042064744041705,0.016587945726689785,0.07846013279987459
education,asian→black,pull_early,-1.4309646924957635,-0.1699051763040429,250,250,-1.899597619724632,0.05806490311228221,0.4771281786258529
education,asian→black,pull_final,-16.060177226477947,-0.28083675401870917,139,114,-2.217350655232212,0.027550066798886514,0.20247980058578002
education,asian→black,pull_release,-6.110757819085848,-0.17365291510380562,250,250,-1.941498613315547,0.052767508406637346,0.19787815652489005
education,asian→black,pull_tcp,-14.665260907728225,-0.1929740760874773,250,250,-2.1575157601340793,0.031443170000413315,0.1572158500020666
education,asian→black,q_exploded,-0.02600000000000001,-0.11878010339520219,250,250,-1.328001927830628,0.184792007322266,0.32610354233341055
education,asian→black,q_jerk_in_grasp,-0.024,-0.16114743368401513,250,250,-1.801683080585486,0.07221970548683701,0.12036617581139503
education,asian→black,q_tile_drift,0.022702669292688382,0.029485277253611445,250,250,0.32965542137251747,0.7418625269806745,0.8725700206589423
education,asian→black,xpos_reversals,-0.22199999999999998,-0.30814611283824744,250,250,-3.4451782765432086,0.0006191412599033936,0.004643559449275452
education,asian→latino,d_approach_retreat,0.31,0.08427031343839074,250,250,0.9421707466672786,0.3465631987168062,0.9788040824872087
education,asian→latino,d_latency,0.388,0.13156269227015943,250,250,1.4709156160948134,0.14194695634586513,0.5828107864400258
education,asian→latino,d_peak_speed,9.380204975605012e-05,0.030364068720564297,250,250,0.3394806086632841,0.7343911160105372,0.9455530007101138
education,asian→latino,d_time_to_half,0.21200000000000002,0.049764610661104415,250,250,0.556385261560201,0.5782019145533901,0.9671091765318611
education,asian→latino,pull_AUC,-0.9054292994422107,-0.05178964295073404,250,250,-0.5790258108414206,0.5628448834905917,0.7341455002051197
education,asian→latino,pull_MAD,-1.9608077949151628,-0.05830759093707716,250,250,-0.6518986846977759,0.514780390673566,0.7019732600094081
education,asian→latino,pull_early,-1.1856445780023932,-0.14426292957406234,250,250,-1.612908585804341,0.10740222271026316,0.5370111135513158
education,asian→latino,pull_final,-10.830830954333088,-0.1885959738302247,133,124,-1.5078020278365856,0.13288448070916123,0.4982422206946799
education,asian→latino,pull_release,0.10411467886297032,0.003298670447575447,250,250,0.03688025678074178,0.9705957781748129,0.9705957781748129
education,asian→latino,pull_tcp,3.995980903506279,0.0540203301312717,250,250,0.6039656517025183,0.5461604350933016,0.8080617890073593
education,asian→latino,q_exploded,-0.011999999999999997,-0.058270528961513156,250,250,-0.6514843192140682,0.5150371328157934,0.6717875645423392
education,asian→latino,q_jerk_in_grasp,-0.017999999999999995,-0.11020629371094896,250,250,-1.2321438214299472,0.21851402981736426,0.2622168357808371
education,asian→latino,q_tile_drift,-0.055726212859153745,-0.10896418888131675,250,250,-1.2182566672587554,0.22374206601424568,0.3997214478350436
education,asian→latino,xpos_reversals,-0.028000000000000025,-0.03625453259902023,250,250,-0.40533799691945677,0.6854036478359797,0.7343610512528355
education,asian→middle_eastern,d_approach_retreat,-0.8099999999999999,-0.22430542096095504,250,250,-2.5078108449520085,0.012465224855077785,0.37395674565233356
education,asian→middle_eastern,d_latency,0.19,0.06375840512047161,250,250,0.712840639931726,0.4762782435277272,0.7289567398775895
education,asian→middle_eastern,d_peak_speed,-0.0001266726106405258,-0.040446003553996294,250,250,-0.452200066824669,0.6513219354998525,0.9455530007101138
education,asian→middle_eastern,d_time_to_half,-0.04999999999999999,-0.012028331188205753,250,250,-0.1344808309635444,0.8930824108647806,0.9671091765318611
education,asian→middle_eastern,pull_AUC,2.245140945798672,0.12136469254858458,250,250,1.3568985130349864,0.17542881555026937,0.40483572819292934
education,asian→middle_eastern,pull_MAD,3.346919892438455,0.09122522750741258,250,250,1.0199290498472908,0.30826365772239556,0.5137727628706592
education,asian→middle_eastern,pull_early,1.9366787537350318,0.22567556292348667,250,250,2.5231294977872367,0.011943157928351931,0.35829473785055793
education,asian→middle_eastern,pull_final,-12.392898941959999,-0.22479589885805135,142,115,-1.7975160112451847,0.07346436631621064,0.3673218315810532
education,asian→middle_eastern,pull_release,1.266213100112509,0.038946650530796524,250,250,0.43543679041394645,0.6634356102357674,0.8207351530180128
education,asian→middle_eastern,pull_tcp,2.27990533830598,0.031214329040689555,250,250,0.3489868080351382,0.7272556101066234,0.8080617890073593
education,asian→middle_eastern,q_exploded,-0.036000000000000004,-0.18059936596920229,250,250,-2.019162295002493,0.04402125287463159,0.14673750958210532
education,asian→middle_eastern,q_jerk_in_grasp,-0.028000000000000004,-0.14592983425835776,250,250,-1.6315451467348276,0.10346894635672856,0.1552034195350928
education,asian→middle_eastern,q_tile_drift,-0.0388327288031578,-0.14459131089491098,250,250,-1.6165800005841344,0.10664421590184386,0.3472582837820166
education,asian→middle_eastern,xpos_reversals,0.07800000000000007,0.10135693753749547,250,250,1.1332050116252,0.2576925199744696,0.40688292627547834
education,black→latino,d_approach_retreat,-0.134,-0.04090766908963001,250,250,-0.45736164442739824,0.6476126101889195,0.9788040824872087
education,black→latino,d_latency,0.04999999999999999,0.01793936359668179,250,250,0.200568182376328,0.8411181459538974,0.901198013522033
education,black→latino,d_peak_speed,0.00019370689988136293,0.030283635153837484,250,250,0.3385813340489146,0.7351547775902653,0.9455530007101138
education,black→latino,d_time_to_half,0.38799999999999996,0.11643000212571715,250,250,1.301726996867743,0.19367751949256296,0.9196257571755545
education,black→latino,pull_AUC,2.30828432710423,0.13221296479010944,250,250,1.478185883887355,0.1400328679558803,0.35008216988970076
education,black→latino,pull_MAD,4.374699494780505,0.12022585208599271,250,250,1.3441658895855728,0.1795479815817662,0.414341495957922
education,black→latino,pull_early,0.19338476813864003,0.02850898734201162,250,250,0.3187401683320951,0.7500629783915334,0.9164278349250786
education,black→latino,pull_final,-1.7377768429198026,-0.03252022919326003,129,110,-0.2471741489045215,0.8050406189345742,0.9273646528276573
education,black→latino,pull_release,5.296697741898242,0.15823564255757758,250,250,1.7691282661105108,0.07751833564901704,0.25839445216339013
education,black→latino,pull_tcp,7.581008899956942,0.09337583117625581,250,250,1.0439735298282606,0.2970146859500436,0.6854185060385622
education,black→latino,q_exploded,-0.006000000000000005,-0.02859800519600345,250,250,-0.3197354181957796,0.7493030763179487,0.8349166048592794
education,black→latino,q_jerk_in_grasp,-0.024000000000000007,-0.12018113217856648,250,250,-1.3436659058208102,0.17969105901906215,0.2272604320904128
education,black→latino,q_tile_drift,-0.15929733641445634,-0.10892724770412435,250,250,-1.2178436523418996,0.22400438081140656,0.3997214478350436
education,black→latino,xpos_reversals,-0.018000000000000016,-0.02430009021059272,250,250,-0.2716832678513125,0.7859788510014779,0.7934641708936393
education,black→middle_eastern,d_approach_retreat,-0.188,-0.0505270894854713,250,250,-0.5649100339736435,0.5723896523630392,0.9788040824872087
education,black→middle_eastern,d_latency,0.188,0.06778223390785329,250,250,0.7578284134237558,0.44891276636818356,0.7289567398775895
education,black→middle_eastern,d_peak_speed,-2.207712084054948e-05,-0.006111609017110968,250,250,-0.068329866070804,0.9455530007101138,0.9455530007101138
education,black→middle_eastern,d_time_to_half,0.73,0.1593483972516348,250,250,1.7815692418014804,0.0755245453365279,0.8382694915351032
education,black→middle_eastern,pull_AUC,1.2169049329635206,0.06757635793157131,250,250,0.7555266500342526,0.450299195045319,0.6353416351089988
education,black→middle_eastern,pull_MAD,2.7102931360993545,0.07325811288475369,250,250,0.8190506015683123,0.4131658864971589,0.590236980710227
education,black→middle_eastern,pull_early,0.24234035509289253,0.02865477874305189,250,250,0.3203701657484,0.7488312850810925,0.9164278349250786
education,black→middle_eastern,pull_final,5.397249626529403,0.11170499310435007,126,101,0.833088368993693,0.40575442189153865,0.8618098943460001
education,black→middle_eastern,pull_release,2.8489646926755086,0.08377273600292409,250,250,0.9366076618184114,0.34943602563938814,0.5350041984215996
education,black→middle_eastern,pull_tcp,-2.6655490789562464,-0.03497804628383819,250,250,-0.3910664460539804,0.6959173578234179,0.8080617890073593
education,black→middle_eastern,q_exploded,-0.048,-0.22728044778399803,250,250,-2.5410726560080548,0.01136394568638882,0.06818367411833291
education,black→middle_eastern,q_jerk_in_grasp,-0.028000000000000004,-0.1632391210678698,250,250,-1.825068856475375,0.0687002521121678,0.12036617581139503
education,black→middle_eastern,q_tile_drift,-0.2565463786572218,-0.18487266382385387,250,250,-2.066939217458017,0.03964881801194587,0.19824409005972934
education,black→middle_eastern,xpos_reversals,-0.027999999999999914,-0.037641983070684934,250,250,-0.42085016476973897,0.6740460964596457,0.7343610512528355
education,latino→middle_eastern,d_approach_retreat,0.262,0.06811130460151718,250,250,0.7615075356259331,0.4467165506945796,0.9788040824872087
education,latino→middle_eastern,d_latency,0.512,0.1800458159146363,250,250,2.012973417247701,0.044657889425249224,0.31246062072872827
education,latino→middle_eastern,d_peak_speed,8.623772114515304e-05,0.019353456178602207,250,250,0.21637821807458923,0.8288184518162596,0.9455530007101138
education,latino→middle_eastern,d_time_to_half,-0.49,-0.11353581616126372,250,250,-1.2693690140875242,0.2049025784809723,0.9196257571755545
education,latino→middle_eastern,pull_AUC,0.22736316319722868,0.013352161397205808,250,250,0.14928170265350377,0.8813921556954656,0.9469539429177872
education,latino→middle_eastern,pull_MAD,0.6434611351904438,0.018642818597222832,250,250,0.2084330483779376,0.8349788211456881,0.8946201655132373
education,latino→middle_eastern,pull_early,0.15613007536157938,0.01872410935757626,250,250,0.20934190670840216,0.8342675064062975,0.9164278349250786
education,latino→middle_eastern,pull_final,-0.8355307687387752,-0.013874554520408934,144,119,-0.1126657028994725,0.9103825725232817,0.9273646528276573
education,latino→middle_eastern,pull_release,0.11926269670948386,0.0037188842306838084,250,250,0.04157838970130502,0.9668517889953645,0.9705957781748129
education,latino→middle_eastern,pull_tcp,5.436564613832161,0.076641822062215,250,250,0.856881620252779,0.39193318161182855,0.7348747155221785
education,latino→middle_eastern,q_exploded,-0.057999999999999996,-0.26804414709880753,250,250,-2.9968246694194334,0.002880433901096929,0.02880433901096929
education,latino→middle_eastern,q_jerk_in_grasp,-0.022,-0.11983306828166436,250,250,-1.339774433150877,0.18095146011973703,0.2272604320904128
education,latino→middle_eastern,q_tile_drift,-0.1225385945737362,-0.21396084720391284,250,250,-2.3921549943569747,0.017349771567692223,0.13012328675769166
education,latino→middle_eastern,xpos_reversals,-0.09800000000000009,-0.13148119310527426,250,250,-1.4700044277308497,0.14219551177400777,0.28154693976270295
janitor,asian→black,d_approach_retreat,-0.67,-0.18135798655741883,250,250,-2.027643931024408,0.04315192550925559,0.6472788826388338
janitor,asian→black,d_latency,-0.256,-0.07348821581110723,250,250,-0.8216232304940531,0.4117329799662659,0.7289567398775895
janitor,asian→black,d_peak_speed,-0.0014479880779981612,-0.27459054164626284,250,250,-3.070015585497654,0.0022682869035562723,0.022682869035562724
janitor,asian→black,d_time_to_half,-0.402,-0.04989701528307961,250,250,-0.5578655902365597,0.5771901274168043,0.9671091765318611
janitor,asian→black,pull_AUC,5.35643943300172,0.22079103035833644,250,250,2.4685187635173,0.013969085542235433,0.10476814156676574
janitor,asian→black,pull_MAD,12.773803324205801,0.23805905497959057,250,250,2.6615811479686218,0.008099586915684416,0.060746901867633124
janitor,asian→black,pull_early,0.35633575185202093,0.041737752628123174,250,250,0.4666422605227696,0.6409636675494376,0.9164278349250786
janitor,asian→black,pull_final,8.240231466329794,0.1453991205503267,194,168,1.3578264282148413,0.17565496812681972,0.4982422206946799
janitor,asian→black,pull_release,13.46429514704505,0.2648927965618459,250,250,2.96159149931155,0.0032488109547035406,0.024366082160276553
janitor,asian→black,pull_tcp,19.572081154445186,0.3020089170041678,250,250,3.3765623411620562,0.0007916014576195812,0.010316066003606812
janitor,asian→black,q_exploded,-0.014000000000000005,-0.09979470816213455,250,250,-1.1157387562264298,0.2650838181379859,0.4185533970599778
janitor,asian→black,q_jerk_in_grasp,-0.041999999999999996,-0.3759010407114002,250,250,-4.202701399218032,3.5097225961315136e-05,0.0003509722596131513
janitor,asian→black,q_tile_drift,-0.07954267936944963,-0.24925670094411015,250,250,-2.7867746357918315,0.00557257878992342,0.13012328675769166
janitor,asian→black,xpos_reversals,-0.14,-0.17037723288922393,250,250,-1.9048753727930883,0.05737240834457417,0.17866181634804676
janitor,asian→latino,d_approach_retreat,0.388,0.10252571665144365,250,250,1.1462723593725508,0.25227340644623186,0.9788040824872087
janitor,asian→latino,d_latency,0.158,0.047497046049727855,250,250,0.5310331184881467,0.5956484891605576,0.7725381825263539
janitor,asian→latino,d_peak_speed,-0.00022325337678194042,-0.0449696371280842,250,250,-0.5027758277094735,0.6153625034145919,0.9455530007101138
janitor,asian→latino,d_time_to_half,-0.032,-0.0036900044273089727,250,250,-0.04125550368369022,0.9671091765318611,0.9671091765318611
janitor,asian→latino,pull_AUC,-0.052891735998931155,-0.0022787969225581068,250,250,-0.02547772412878625,0.9796863987301925,0.9997247469346154
janitor,asian→latino,pull_MAD,2.4595762283354996,0.04823633393101437,250,250,0.5392986082756389,0.5899885464766371,0.7374856830957964
janitor,asian→latino,pull_early,-0.6453668057918547,-0.08436585047971074,250,250,-0.9432388832610822,0.3460322853922011,0.8559092153729735
janitor,asian→latino,pull_final,5.5433647608393075,0.101732467410869,196,155,0.9307992746037087,0.35277123947212274,0.8140874757048986
janitor,asian→latino,pull_release,2.6938553950749338,0.05466936735742169,250,250,0.6112221084905147,0.5414127654462546,0.7061905636255494
janitor,asian→latino,pull_tcp,2.336310660466552,0.034362485314439334,250,250,0.38418426519462295,0.7010182479043469,0.8080617890073593
janitor,asian→latino,q_exploded,-0.052,-0.34204272143125747,250,250,-3.8241538816465788,0.00015304762643434625,0.002295714396515194
janitor,asian→latino,q_jerk_in_grasp,-0.048,-0.4419660782235515,250,250,-4.941330973284253,1.3603568286390699e-06,4.08107048591721e-05
janitor,asian→latino,q_tile_drift,-0.03913364291191101,-0.1948440416728051,250,250,-2.1784226109559706,0.029868523283166973,0.17921113969900185
janitor,asian→latino,xpos_reversals,0.05600000000000005,0.06909645841103276,250,250,0.7725218900577817,0.44017932163314966,0.5741469412606299
janitor,asian→middle_eastern,d_approach_retreat,-0.010000000000000002,-0.0028117075407696926,250,250,-0.03143584597004897,0.9749346898037454,0.9788040824872087
janitor,asian→middle_eastern,d_latency,0.20600000000000002,0.06810388321474732,250,250,0.7614245619994096,0.44677098771069934,0.7289567398775895
janitor,asian→middle_eastern,d_peak_speed,-0.0002667981535196304,-0.0477622060820457,250,250,-0.5339976977740403,0.5936440997884358,0.9455530007101138
janitor,asian→middle_eastern,d_time_to_half,-0.738,-0.08889277987446415,250,250,-0.993851492541135,0.32078702340504905,0.9623610702151473
janitor,asian→middle_eastern,pull_AUC,-0.0006479917486199582,-3.0874169991972867e-05,250,250,-0.0003451837142546773,0.9997247469346154,0.9997247469346154
janitor,asian→middle_eastern,pull_MAD,-1.7017291058041157,-0.0370952552448245,250,250,-0.41473756185066596,0.6785469174920062,0.7829387509523149
janitor,asian→middle_eastern,pull_early,1.3029714949429034,0.1995276374211324,250,250,2.2307868033179146,0.026162036289244524,0.39243054433866786
janitor,asian→middle_eastern,pull_final,0.6940574889699469,0.013977396993321373,198,161,0.13077562979080318,0.8960352029769494,0.9273646528276573
janitor,asian→middle_eastern,pull_release,-1.4411447322927415,-0.03312572748873817,250,250,-0.3703568923447597,0.7113037992822777,0.8207351530180128
janitor,asian→middle_eastern,pull_tcp,-1.0206625381251797,-0.016650439807307443,250,250,-0.18615757632203975,0.8524138115726926,0.9133005123993135
janitor,asian→middle_eastern,q_exploded,-0.05,-0.36681188155041805,250,250,-4.101081510506678,5.1519521863156976e-05,0.0015455856558947093
janitor,asian→middle_eastern,q_jerk_in_grasp,-0.028,-0.3203704480359626,250,250,-3.581850498952381,0.00041021674263115696,0.0024613004557869416
janitor,asian→middle_eastern,q_tile_drift,-0.03376765179634095,-0.11740585619860848,250,250,-1.3126373770832678,0.19000802554998295,0.3997214478350436
janitor,asian→middle_eastern,xpos_reversals,-0.019999999999999907,-0.02343021726662432,250,250,-0.2619577926788065,0.7934641708936393,0.7934641708936393
janitor,black→latino,d_approach_retreat,0.53,0.1461117482618608,250,250,1.633579007124287,0.10298676202008143,0.7724007151506107
janitor,black→latino,d_latency,-0.2,-0.05765413055905827,250,250,-0.6445927755685112,0.5195116560074255,0.7421595085820365
janitor,black→latino,d_peak_speed,-0.00017880982160568238,-0.033396501893773155,250,250,-0.3733842422258862,0.7090349556473847,0.9455530007101138
janitor,black→latino,d_time_to_half,-0.336,-0.04009793703945556,250,250,-0.4483085648886464,0.6541329824854395,0.9671091765318611
janitor,black→latino,pull_AUC,2.319194862885997,0.0996255860595354,250,250,1.1138479136368828,0.2659992523462412,0.5231736388371074
janitor,black→latino,pull_MAD,5.417010547871905,0.10098154922600347,250,250,1.129008042712925,0.25958346060628107,0.486718988636777
janitor,black→latino,pull_early,0.20976419891230752,0.024701681280113096,250,250,0.27617319250433453,0.7825300044007844,0.9164278349250786
janitor,black→latino,pull_final,4.177523880563938,0.07268841779773164,192,166,0.675012143576197,0.500251778489123,0.8815752717337076
janitor,black→latino,pull_release,3.264266611495259,0.06401944289864482,250,250,0.71575913101518,0.47456251345289824,0.647130700163043
janitor,black→latino,pull_tcp,-0.5804747343063354,-0.009321661071406254,250,250,-0.10421933909438952,0.917043963874075,0.9272562013629616
janitor,black→latino,q_exploded,-0.016000000000000004,-0.12326894345108622,250,250,-1.3781886853560315,0.16880753271927398,0.3165141238486387
janitor,black→latino,q_jerk_in_grasp,-0.034,-0.381233597409766,250,250,-4.262321195575122,2.8727377166774447e-05,0.0003509722596131513
janitor,black→latino,q_tile_drift,-0.026310977727174764,-0.1461574432351867,250,250,-1.634089892457221,0.10287955788362373,0.3472582837820166
janitor,black→latino,xpos_reversals,-0.13,-0.14372068014497222,250,250,-1.6068460528833108,0.10872940928725477,0.2509140214321264
janitor,black→middle_eastern,d_approach_retreat,-0.057999999999999996,-0.016439205745218392,250,250,-0.18379590771206708,0.8542510239836376,0.9788040824872087
janitor,black→middle_eastern,d_latency,-0.36400000000000005,-0.1215374773171042,250,250,-1.3588303054744186,0.17484323593200776,0.5828107864400258
janitor,black→middle_eastern,d_peak_speed,0.0009794292449951173,0.2069873245890689,250,250,2.314188641309859,0.02109684621667534,0.12658107730005203
janitor,black→middle_eastern,d_time_to_half,-0.08399999999999996,-0.01027646008306063,250,250,-0.11489431656893352,0.9085760222157713,0.9671091765318611
janitor,black→middle_eastern,pull_AUC,-3.606324252900765,-0.15610123543697338,250,250,-1.7452648690438577,0.08172854839455079,0.282765475940151
janitor,black→middle_eastern,pull_MAD,-10.661239181763957,-0.21192545871185522,250,250,-2.3693986592126666,0.018307364319970734,0.07846013279987459
janitor,black→middle_eastern,pull_early,-0.053818920813500704,-0.007453644375202191,250,250,-0.08333427751530524,0.9336214163235947,0.9336214163235947
janitor,black→middle_eastern,pull_final,-6.957977870728263,-0.13203895375002556,198,161,-1.2225468114366682,0.2225434669328551,0.5563586673321378
janitor,black→middle_eastern,pull_release,-10.61540708760731,-0.22371368837118136,250,250,-2.5011950734758286,0.012789784981070347,0.06520553276085796
janitor,black→middle_eastern,pull_tcp,-16.272465613670647,-0.24849364767625137,250,250,-2.778243440904904,0.0056814875289879,0.038362403681128206
janitor,black→middle_eastern,q_exploded,-0.030000000000000002,-0.20863183108999514,250,250,-2.332574782937416,0.020132305045980944,0.10066152522990472
janitor,black→middle_eastern,q_jerk_in_grasp,-0.036,-0.35442155132716424,250,250,-3.9625534072923503,9.46174592660952e-05,0.000709630944495714
janitor,black→middle_eastern,q_tile_drift,-0.04870445184409618,-0.23418353414021847,250,250,-2.618251507743356,0.00914784963672753,0.13012328675769166
janitor,black→middle_eastern,xpos_reversals,-0.09200000000000008,-0.10207429662695355,250,250,-1.141225330066728,0.2543250628788109,0.40688292627547834
janitor,latino→middle_eastern,d_approach_retreat,0.148,0.0390154092444037,250,250,0.43620553620230185,0.6628896322633061,0.9788040824872087
janitor,latino→middle_eastern,d_latency,-0.136,-0.044734348032337876,250,250,-0.5001452156472073,0.6172000046778825,0.7725381825263539
janitor,latino→middle_eastern,d_peak_speed,-7.776002585887909e-05,-0.01620544999505064,250,250,-0.18118243897453426,0.8563079185500211,0.9455530007101138
janitor,latino→middle_eastern,d_time_to_half,-0.416,-0.05054168150796241,250,250,-0.5650731777447402,0.5722807315684562,0.9671091765318611
janitor,latino→middle_eastern,pull_AUC,-0.2868689675723489,-0.013077700358602742,250,250,-0.14621313495604552,0.8838236800566014,0.9469539429177872
janitor,latino→middle_eastern,pull_MAD,-0.5660501091554759,-0.011642670468651622,250,250,-0.13016901303767178,0.8964960610555422,0.9156472782065737
janitor,latino→middle_eastern,pull_early,-0.10248711407184594,-0.014391064478502306,250,250,-0.16089699221256856,0.8722398606199708,0.9164278349250786
janitor,latino→middle_eastern,pull_final,0.4460174473897909,0.00971974244763609,195,166,0.09123418655225636,0.9273646528276573,0.9273646528276573
janitor,latino→middle_eastern,pull_release,-0.7333112717606127,-0.015674404755612444,250,250,-0.17524517270197704,0.8609719922397555,0.9224699916854523
janitor,latino→middle_eastern,pull_tcp,-2.4462395873852074,-0.04168769120859167,250,250,-0.46608255683715666,0.6413615950195921,0.8080617890073593
janitor,latino→middle_eastern,q_exploded,-0.024,-0.19115738671789612,250,250,-2.1372045555121555,0.033120964935884734,0.1329589180535602
janitor,latino→middle_eastern,q_jerk_in_grasp,-0.03,-0.2996091986917575,250,250,-3.3497326747950535,0.0009220083669119729,0.004610041834559864
janitor,latino→middle_eastern,q_tile_drift,-0.06278205674886704,-0.1234120458748832,250,250,-1.3797886190928068,0.16881492440592194,0.3895729024752045
janitor,latino→middle_eastern,xpos_reversals,-0.04799999999999993,-0.05076868221381414,250,250,-0.5676111227908646,0.5705563338286188,0.6583342313407139
pilot,asian→black,d_approach_retreat,-0.502,-0.13287601763381424,250,250,-1.485599040043347,0.13802285655377655,0.8281371393226593
pilot,asian→black,d_latency,0.316,0.09692005260928313,250,250,1.0835991300860648,0.27911433938432617,0.6977858484608155
pilot,asian→black,d_peak_speed,-0.0005782758742570878,-0.14190622520425117,250,250,-1.5865598299354977,0.11337359418480719,0.42225630801031144
pilot,asian→black,d_time_to_half,-0.6,-0.09654444716088235,250,250,-1.0793997335093475,0.2811091474617124,0.957309303526062
pilot,asian→black,pull_AUC,2.4001585272593404,0.09390807198129897,250,250,1.049924162930639,0.294420968693381,0.5231736388371074
pilot,asian→black,pull_MAD,4.990018681227521,0.09501612626773379,250,250,1.0623125864667808,0.28884075774431134,0.5097189842546671
pilot,asian→black,pull_early,0.923718686820939,0.07489402331476362,250,250,0.8373406362013279,0.4028230859184442,0.8559092153729735
pilot,asian→black,pull_final,9.751859762989577,0.16319195656487426,151,150,1.4149757940476666,0.15820040575177025,0.4982422206946799
pilot,asian→black,pull_release,4.047543053049594,0.07953448201098397,250,250,0.8892225416589716,0.37450293889511976,0.5350041984215996
pilot,asian→black,pull_tcp,2.92695998121053,0.036799287689009544,250,250,0.4114285439809824,0.6809373162613472,0.8080617890073593
pilot,asian→black,q_exploded,-0.0040000000000000036,-0.021852369888849137,250,250,-0.24431692270468094,0.8070860513639702,0.8349166048592794
pilot,asian→black,q_jerk_in_grasp,-0.022000000000000002,-0.2016940909623134,250,250,-2.2550084902587932,0.024677515112444235,0.04935503022488847
pilot,asian→black,q_tile_drift,-3.465443849576255e-06,-8.672609829499992e-06,250,250,-9.696272560547421e-05,0.9999226750797661,0.9999226750797661
pilot,asian→black,xpos_reversals,-0.33199999999999996,-0.44065848915286615,250,250,-4.926711683040812,1.1660421080235469e-06,3.498126324070641e-05
pilot,asian→latino,d_approach_retreat,0.252,0.0605603724389701,250,250,0.6770855475812093,0.4986661558618968,0.9788040824872087
pilot,asian→latino,d_latency,0.364,0.1141433003548103,250,250,1.2761608938476583,0.20255328455810537,0.6076598536743161
pilot,asian→latino,d_peak_speed,-0.0003241753727197648,-0.07658853340777605,250,250,-0.8562858349840042,0.3923101742628792,0.7846203485257583
pilot,asian→latino,d_time_to_half,-0.3,-0.043471145758798804,250,250,-0.48602218488237897,0.6272165081213752,0.9671091765318611
pilot,asian→latino,pull_AUC,3.0761080517797628,0.13406448960255196,250,250,1.4988865606005999,0.13470434154423133,0.35008216988970076
pilot,asian→latino,pull_MAD,7.0441272347499035,0.15001034835095867,250,250,1.6771666812058355,0.09440252451901214,0.33587304463562473
pilot,asian→latino,pull_early,-0.7113767384551465,-0.05851089470001005,250,250,-0.6541716898677732,0.5133036735816161,0.905830012202852
pilot,asian→latino,pull_final,-1.0429777886879101,-0.019466400511147185,143,152,-0.16831042820359884,0.8664753692760183,0.9273646528276573
pilot,asian→latino,pull_release,6.4307075339820585,0.1424952953931375,250,250,1.5931458348648404,0.11202245361983736,0.3055157825995564
pilot,asian→latino,pull_tcp,5.930237858556211,0.08263591276843353,250,250,0.9238975916648011,0.3560036766259952,0.7120073532519904
pilot,asian→latino,q_exploded,0.0040000000000000036,0.022709648947964976,250,250,0.25390159396403134,0.7996767106441438,0.8349166048592794
pilot,asian→latino,q_jerk_in_grasp,-0.028,-0.24388686800967485,250,250,-2.726738078445759,0.006691901546125829,0.021081505362642354
pilot,asian→latino,q_tile_drift,0.12364481201767923,0.10843048382255023,250,250,1.2122896633020679,0.22650882043985804,0.3997214478350436
pilot,asian→latino,xpos_reversals,-0.040000000000000036,-0.0551776048304958,250,250,-0.6169043761830468,0.5375811317911242,0.6551319382763926
pilot,asian→middle_eastern,d_approach_retreat,-0.34199999999999997,-0.0907765246728551,250,250,-1.0149123996484544,0.31064396028916463,0.9788040824872087
pilot,asian→middle_eastern,d_latency,0.36,0.10679422923118226,250,250,1.193995780828093,0.23311732353352568,0.6357745187277973
pilot,asian→middle_eastern,d_peak_speed,-0.0005950696244835853,-0.13915991255859628,250,250,-1.5558551211197398,0.12052119267889141,0.42225630801031144
pilot,asian→middle_eastern,d_time_to_half,0.17400000000000002,0.024906866901335215,250,250,0.27846723748962543,0.780810659220319,0.9671091765318611
pilot,asian→middle_eastern,pull_AUC,5.4628742234558,0.24448618225671884,250,250,2.7334386154271315,0.00655258226422858,0.0655258226422858
pilot,asian→middle_eastern,pull_MAD,10.345168947331258,0.2182897897390898,250,250,2.4405540432537043,0.015159620938342193,0.07846013279987459
pilot,asian→middle_eastern,pull_early,1.7177884636912495,0.1512552517262039,250,250,1.6910851240681717,0.09146594879554885,0.5370111135513158
pilot,asian→middle_eastern,pull_final,10.751256032381207,0.18576986527898007,145,145,1.581773405490924,0.11482447853446373,0.4921049080048446
pilot,asian→middle_eastern,pull_release,10.273336645797826,0.2231820155549859,250,250,2.49525079068182,0.013041106552171592,0.06520553276085796
pilot,asian→middle_eastern,pull_tcp,10.290174500085413,0.14767867588302291,250,250,1.6510977905079904,0.09936942438977545,0.37263534146165794
pilot,asian→middle_eastern,q_exploded,0.003999999999999997,0.023689782684404557,250,250,0.26485982227263016,0.7912272474862745,0.8349166048592794
pilot,asian→middle_eastern,q_jerk_in_grasp,-0.019999999999999997,-0.2146852888605168,250,250,-2.4002544983064693,0.016908649250283254,0.03901995980834597
pilot,asian→middle_eastern,q_tile_drift,0.05600445039570333,0.0847228167157496,250,250,0.9472298871083579,0.34434511191680284,0.5165176678752043
pilot,asian→middle_eastern,xpos_reversals,-0.04399999999999993,-0.05404707759815642,250,250,-0.604264697473419,0.5459432818969938,0.6551319382763926
pilot,black→latino,d_approach_retreat,-0.023999999999999994,-0.006160396691738525,250,250,-0.0688753288554608,0.9451165282561136,0.9788040824872087
pilot,black→latino,d_latency,-0.41000000000000003,-0.12437692547073052,250,250,-1.3905763009248926,0.1650911599623566,0.5828107864400258
pilot,black→latino,d_peak_speed,0.0011643833965063095,0.13466732919147398,250,250,1.5056265121023882,0.13291603792995027,0.42225630801031144
pilot,black→latino,d_time_to_half,-0.818,-0.12229090384129425,250,250,-1.3672538700951204,0.17232563776234935,0.9196257571755545
pilot,black→latino,pull_AUC,-3.9897376764773087,-0.16945291175699512,250,250,-1.8945411483695718,0.058914871887569886,0.2524923080895852
pilot,black→latino,pull_MAD,-6.977309060194529,-0.14021393826307105,250,250,-1.5676394867459285,0.11788262270088828,0.33587304463562473
pilot,black→latino,pull_early,-1.9704355362220667,-0.16628119992131626,250,250,-1.8590803320214793,0.06361709048344705,0.4771281786258529
pilot,black→latino,pull_final,-14.990690164257021,-0.2659098119364189,134,158,-2.2920388280653485,0.02263271429644489,0.20247980058578002
pilot,black→latino,pull_release,-6.626840306213126,-0.1382640412171719,250,250,-1.5458389750271455,0.12303424239491172,0.3075856059872793
pilot,black→latino,pull_tcp,-6.7611786588677205,-0.08775003505881795,250,250,-0.9810752170975335,0.32704934411683295,0.7008200231074991
pilot,black→latino,q_exploded,0.03,0.16084194064400575,250,250,1.7982675645649158,0.07275980751533677,0.18619597969674115
pilot,black→latino,q_jerk_in_grasp,-0.027999999999999997,-0.16593369620838494,250,250,-1.8551951223987388,0.06417699097587397,0.1203318580797637
pilot,black→latino,q_tile_drift,0.043038124188780794,0.1351796818253061,250,250,1.5113547886908862,0.1313396186592336,0.3472582837820166
pilot,black→latino,xpos_reversals,-0.08800000000000008,-0.10654402896661283,250,250,-1.1911984568302647,0.23414431173241232,0.40688292627547834
pilot,black→middle_eastern,d_approach_retreat,0.168,0.0448963663594324,250,250,0.5019566356121281,0.6159199121046003,0.9788040824872087
pilot,black→middle_eastern,d_latency,0.06600000000000002,0.020262104862177097,250,250,0.22653721919528494,0.8208843220073403,0.901198013522033
pilot,black→middle_eastern,d_peak_speed,6.405462324619293e-05,0.010135207525979283,250,250,0.11331506497078572,0.9098284555374598,0.9455530007101138
pilot,black→middle_eastern,d_time_to_half,0.19799999999999995,0.02937420320482414,250,250,0.3284135757543947,0.7427868378505089,0.9671091765318611
pilot,black→middle_eastern,pull_AUC,-2.2682918246548796,-0.0886391301894246,250,250,-0.9910156028500359,0.3223847637138434,0.5231736388371074
pilot,black→middle_eastern,pull_MAD,-4.679558421042747,-0.08407044648396034,250,250,-0.9399361661844675,0.34797665516629006,0.5494368239467737
pilot,black→middle_eastern,pull_early,-0.15506054802099262,-0.012843315799015459,250,250,-0.14359263591547794,0.8858802404275761,0.9164278349250786
pilot,black→middle_eastern,pull_final,2.3544166456943314,0.034176356777700936,130,146,0.28608756504903393,0.7750367647045167,0.9273646528276573
pilot,black→middle_eastern,pull_release,-4.823479295824654,-0.08959781395597084,250,250,-1.0017340132046506,0.317238937655649,0.5350041984215996
pilot,black→middle_eastern,pull_tcp,-9.173319140449166,-0.11802510879526647,250,250,-1.3195608315901208,0.1876074084793504,0.5628222254380513
pilot,black→middle_eastern,q_exploded,0.011999999999999997,0.05898708318380177,250,250,0.6594956389670773,0.5098839537399285,0.6717875645423392
pilot,black→middle_eastern,q_jerk_in_grasp,-0.009999999999999998,-0.06967941464164701,250,250,-0.7790395388555843,0.436329329888122,0.46749571059441647
pilot,black→middle_eastern,q_tile_drift,0.03476574458181857,0.13262473261718866,250,250,1.482789588148837,0.13890331351280666,0.3472582837820166
pilot,black→middle_eastern,xpos_reversals,-0.061999999999999944,-0.08463340547330228,250,250,-0.9462302390280334,0.344496264422399,0.49213752060342714
pilot,latino→middle_eastern,d_approach_retreat,-0.17000000000000004,-0.04060720650566031,250,250,-0.45400237061514076,0.6500251476292274,0.9788040824872087
pilot,latino→middle_eastern,d_latency,0.098,0.0301902562609016,250,250,0.33753732628757294,0.7358648104938507,0.8490747813390584
pilot,latino→middle_eastern,d_peak_speed,-0.0006531071364879608,-0.13987623880347227,250,250,-1.5638638920077892,0.11871669287757432,0.42225630801031144
pilot,latino→middle_eastern,d_time_to_half,-0.6859999999999999,-0.09532377198058717,250,250,-1.0657521701014134,0.2871927910578186,0.957309303526062
pilot,latino→middle_eastern,pull_AUC,1.963901298626867,0.08699369718399169,250,250,0.9726191025871872,0.3313433045968347,0.5231736388371074
pilot,latino→middle_eastern,pull_MAD,6.258694212670035,0.13821615746426685,250,250,1.5453036183945783,0.12315344969972906,0.33587304463562473
pilot,latino→middle_eastern,pull_early,-0.8345066340640186,-0.0725868808957032,250,250,-0.8115459997873659,0.41744563146387537,0.8559092153729735
pilot,latino→middle_eastern,pull_final,-1.4104435169457532,-0.025245499095982903,140,146,-0.21430466323100889,0.8304823588116953,0.9273646528276573
pilot,latino→middle_eastern,pull_release,6.656527964438283,0.14991600755851822,250,250,1.6761119190810951,0.09459498415686998,0.2837849524706099
pilot,latino→middle_eastern,pull_tcp,11.655501913512126,0.171583373971913,250,250,1.918360440049828,0.05563685627058028,0.23844366973105835
pilot,latino→middle_eastern,q_exploded,0.014000000000000005,0.0824308715853697,250,250,0.9216051615472125,0.357192476179666,0.535788714269499
pilot,latino→middle_eastern,q_jerk_in_grasp,-0.032,-0.2444490368455511,250,250,-2.7330233171050153,0.006578844826761171,0.021081505362642354
pilot,latino→middle_eastern,q_tile_drift,-0.009971290469169641,-0.025672806804659852,250,250,-0.287030705942193,0.7742082961521402,0.8725700206589423
pilot,latino→middle_eastern,xpos_reversals,-0.136,-0.17612843082077712,250,250,-1.969175720428133,0.049487880436031785,0.17866181634804676
wealthy,asian→black,d_approach_retreat,0.3979999999999999,0.11520798086837294,250,250,1.2880643838608858,0.1983393760963363,0.9788040824872087
wealthy,asian→black,d_latency,-0.754,-0.23228836870334021,250,250,-2.5970629140160173,0.009747454007833278,0.29242362023499835
wealthy,asian→black,d_peak_speed,0.0019350258111953736,0.4002307562371273,250,250,4.474715888161823,9.505198687151961e-06,0.00014257798030727943
wealthy,asian→black,d_time_to_half,-1.264,-0.15506567887367936,250,250,-1.7336869946935003,0.08382694915351033,0.8382694915351032
wealthy,asian→black,pull_AUC,-9.020485390888721,-0.34453938803277234,250,250,-3.8520674628372817,0.00013245319233542866,0.003500025281274878
wealthy,asian→black,pull_MAD,-22.046946304710584,-0.40439694782129465,250,250,-4.521295326109252,7.700535146559508e-06,0.00020220944871495358
wealthy,asian→black,pull_early,-0.9929501424543559,-0.09202513806267514,250,250,-1.0288723217347246,0.30414975793674326,0.8559092153729735
wealthy,asian→black,pull_final,-15.528905872730832,-0.259092320083326,174,170,-2.405133763519452,0.0167110452033905,0.20247980058578002
wealthy,asian→black,pull_release,-21.053490691119805,-0.42312761341439814,250,250,-4.730710533759231,2.9252854193660964e-06,8.77585625809829e-05
wealthy,asian→black,pull_tcp,-22.57001993758604,-0.33164288811361825,250,250,-3.7078802103820374,0.00023256340655318758,0.006976902196595627
wealthy,asian→black,q_exploded,-0.022000000000000002,-0.15988382673934154,250,250,-1.787555525459831,0.07447839187869645,0.18619597969674115
wealthy,asian→black,q_jerk_in_grasp,-0.018,-0.22722816726805675,250,250,-2.540488142070338,0.011514386337082483,0.03140287182840677
wealthy,asian→black,q_tile_drift,0.04858501237630844,0.09652986640203429,250,250,1.0792367156696085,0.28145782813866077,0.44440709706104337
wealthy,asian→black,xpos_reversals,-0.11599999999999999,-0.16962933901886665,250,250,-1.8965136651227164,0.05848569963894283,0.17866181634804676
wealthy,asian→latino,d_approach_retreat,0.03,0.008723526894099665,250,250,0.09753199569377229,0.9223432833082545,0.9788040824872087
wealthy,asian→latino,d_latency,-0.5579999999999999,-0.18273518216361848,250,250,-2.04304144599329,0.04169060207629354,0.31246062072872827
wealthy,asian→latino,d_peak_speed,0.0005891691222786904,0.13022304154105124,250,250,1.4559378656128477,0.14609583247497593,0.42225630801031144
wealthy,asian→latino,d_time_to_half,0.646,0.08109360361934712,250,250,0.9066540511664156,0.3651236224880682,0.9671091765318611
wealthy,asian→latino,pull_AUC,1.583942238921587,0.06526698080776512,250,250,0.7297070288616846,0.46591719907993245,0.6353416351089988
wealthy,asian→latino,pull_MAD,2.037373864962719,0.042090826867559834,250,250,0.4705897505251916,0.6381399801667558,0.765767976200107
wealthy,asian→latino,pull_early,-0.7917656776728108,-0.0776413222223751,250,250,-0.8680563717609788,0.38582062216189694,0.8559092153729735
wealthy,asian→latino,pull_final,-3.641802156481166,-0.07188924608349935,179,177,-0.678712779852955,0.4977939073509363,0.8815752717337076
wealthy,asian→latino,pull_release,1.5284064410952851,0.034284596867939686,250,250,0.3833134458894476,0.701652522868762,0.8207351530180128
wealthy,asian→latino,pull_tcp,3.5047404700890183,0.04870317586944644,250,250,0.5445180598210483,0.586328800828628,0.8080617890073593
wealthy,asian→latino,q_exploded,0.0,0.0,250,250,0.0,1.0,1.0
wealthy,asian→latino,q_jerk_in_grasp,-0.019999999999999997,-0.24283699186515473,250,250,-2.715000106310247,0.007027168454214119,0.021081505362642354
wealthy,asian→latino,q_tile_drift,0.014227599516510966,0.020515679032770174,250,250,0.22937226460920623,0.8187019189127015,0.8771806274064659
wealthy,asian→latino,xpos_reversals,-0.10999999999999999,-0.1289075889709846,250,250,-1.4412306587736183,0.15015836787344158,0.28154693976270295
wealthy,asian→middle_eastern,d_approach_retreat,-0.044,-0.011854662939698122,250,250,-0.13253916091756246,0.8946131810714981,0.9788040824872087
wealthy,asian→middle_eastern,d_latency,-0.134,-0.044631325121687306,250,250,-0.4989933844899344,0.6180305460210831,0.7725381825263539
wealthy,asian→middle_eastern,d_peak_speed,0.0003853408992290497,0.08202767489037498,250,250,0.9170972854556553,0.35957625697629036,0.7705205506634794
wealthy,asian→middle_eastern,d_time_to_half,0.04799999999999999,0.0056742370204440834,250,250,0.06343989849079418,0.949446383781356,0.9671091765318611
wealthy,asian→middle_eastern,pull_AUC,-2.559520218215622,-0.10381472425711015,250,250,-1.160683902521473,0.24632665492685357,0.5231736388371074
wealthy,asian→middle_eastern,pull_MAD,-4.112397262025624,-0.08034010551704909,250,250,-0.8982296862781382,0.3695061108478169,0.5542591662717254
wealthy,asian→middle_eastern,pull_early,-1.5498971634311602,-0.12595071343286296,250,250,-1.4081717852523872,0.15973279477479313,0.6845691204633991
wealthy,asian→middle_eastern,pull_final,-7.384352916159749,-0.14278241027906993,178,172,-1.3351917781872988,0.18268881425471595,0.4982422206946799
wealthy,asian→middle_eastern,pull_release,-3.990548123139888,-0.08486583625129131,250,250,-0.9488288941262663,0.3431778639373415,0.5350041984215996
wealthy,asian→middle_eastern,pull_tcp,0.5297290715388954,0.008170035911321767,250,250,0.09134377838164957,0.9272562013629616,0.9272562013629616
wealthy,asian→middle_eastern,q_exploded,-0.010000000000000002,-0.07828940393968249,250,250,-0.8753021456353495,0.38183887040215836,0.5454841005745119
wealthy,asian→middle_eastern,q_jerk_in_grasp,-0.022,-0.24314592559445894,250,250,-2.7184540904065804,0.00692013531561729,0.021081505362642354
wealthy,asian→middle_eastern,q_tile_drift,-0.0090306241363287,-0.044058368996678636,250,250,-0.49258754027171314,0.6225548970622667,0.8120281266029565
wealthy,asian→middle_eastern,xpos_reversals,-0.32599999999999996,-0.40519717913737285,250,250,-4.530242184211627,7.439891245366289e-06,0.00011159836868049433
wealthy,black→latino,d_approach_retreat,-0.008000000000000007,-0.0023775402203652916,250,250,-0.026581707759883107,0.9788040824872087,0.9788040824872087
wealthy,black→latino,d_latency,-0.00399999999999999,-0.0012631322639046537,250,250,-0.014122248033320047,0.9887393396846551,1.0
wealthy,black→latino,d_peak_speed,-0.0012145986706018448,-0.26397608070478973,250,250,-2.9513423044494025,0.003327289513001899,0.02495467134751424
wealthy,black→latino,d_time_to_half,-0.21200000000000002,-0.028331281563105465,250,250,-0.3167533573239516,0.7516151822096638,0.9671091765318611
wealthy,black→latino,pull_AUC,5.078886866840955,0.1944136987567486,250,250,2.173611230886281,0.030208302969997432,0.15104151484998715
wealthy,black→latino,pull_MAD,14.3882007405092,0.2781997838329375,250,250,3.1103681398809755,0.001976450200252054,0.01976450200252054
wealthy,black→latino,pull_early,-0.2655775360763073,-0.02303646537489707,250,250,-0.25755551269795013,0.7968679402173712,0.9164278349250786
wealthy,black→latino,pull_final,11.875184855110458,0.22468730761954875,181,179,2.1313033642939887,0.03374663343096333,0.20247980058578002
wealthy,black→latino,pull_release,15.54191256640479,0.330344594921484,250,250,3.6933648512203496,0.0002459648595725961,0.002459648595725961
wealthy,black→latino,pull_tcp,17.23822188284248,0.24494659640840993,250,250,2.738586202132052,0.006393733946854701,0.038362403681128206
wealthy,black→latino,q_exploded,-0.018,-0.13317971436996634,250,250,-1.4889944727762514,0.13718766609087463,0.30867228689587434
wealthy,black→latino,q_jerk_in_grasp,-0.012,-0.2213224041017471,250,250,-2.4744597025759245,0.014010888417100424,0.03502722104275106
wealthy,black→latino,q_tile_drift,0.004560005813837052,0.024377703833040228,250,250,0.27255101453017566,0.785313018593048,0.8725700206589423
wealthy,black→latino,xpos_reversals,-0.19000000000000006,-0.254255361908482,250,250,-2.842661364355883,0.004662385309085434,0.027974311854512608
wealthy,black→middle_eastern,d_approach_retreat,0.244,0.06471698794414178,250,250,0.723557921710677,0.46967928067357645,0.9788040824872087
wealthy,black→middle_eastern,d_latency,0.396,0.1273482412771495,250,250,1.4237966215537545,0.15533611010958454,0.5828107864400258
wealthy,black→middle_eastern,d_peak_speed,-0.0019461181610822677,-0.4004843178185449,250,250,-4.477550792824482,9.400801872247588e-06,0.00014257798030727943
wealthy,black→middle_eastern,d_time_to_half,-0.11000000000000004,-0.013690083017580693,250,250,-0.15305978122462938,0.8784306541866409,0.9671091765318611
wealthy,black→middle_eastern,pull_AUC,8.69227735375355,0.33159400498982056,250,250,3.7073336804432153,0.00023333501875165853,0.003500025281274878
wealthy,black→middle_eastern,pull_MAD,20.76038267372991,0.3933525253318528,250,250,4.397814928816153,1.3480629914330239e-05,0.00020220944871495358
wealthy,black→middle_eastern,pull_early,1.3962886986788368,0.11394198983894302,250,250,1.2739101738573346,0.20333375303771278,0.7625015738914229
wealthy,black→middle_eastern,pull_final,12.275145322002516,0.22334631225689913,179,187,2.1387794509279776,0.033122681418059796,0.20247980058578002
wealthy,black→middle_eastern,pull_release,18.672063212346984,0.4045452576335025,250,250,4.522953480218386,7.711883186875619e-06,0.00011567824780313428
wealthy,black→middle_eastern,pull_tcp,20.7789068762213,0.2952734451057043,250,250,3.3012574760345372,0.001031606600360681,0.010316066003606812
wealthy,black→middle_eastern,q_exploded,0.004,0.03348590656744117,250,250,0.37438381686502553,0.7082781500884143,0.8349166048592794
wealthy,black→middle_eastern,q_jerk_in_grasp,-0.012,-0.15639178423866562,250,250,-1.7485133034006828,0.08105467204645499,0.12798106112598157
wealthy,black→middle_eastern,q_tile_drift,-0.04641662795841694,-0.21836078670522355,250,250,-2.441347813466061,0.015228507721917167,0.13012328675769166
wealthy,black→middle_eastern,xpos_reversals,-0.122,-0.1715635723766081,250,250,-1.9181390514840042,0.055674413865130175,0.17866181634804676
wealthy,latino→middle_eastern,d_approach_retreat,-0.098,-0.02600479165345005,250,250,-0.29074240938916734,0.7713700734645194,0.9788040824872087
wealthy,latino→middle_eastern,d_latency,-0.22,-0.06887721465709426,250,250,-0.7700706703705382,0.44173870367608614,0.7289567398775895
wealthy,latino→middle_eastern,d_peak_speed,9.693290293216705e-05,0.014412101071009943,250,250,0.1611321884668788,0.8720570917070934,0.9455530007101138
wealthy,latino→middle_eastern,d_time_to_half,-1.8719999999999999,-0.22633867640583913,250,250,-2.53054333190392,0.011808791423967962,0.3542637427190389
wealthy,latino→middle_eastern,pull_AUC,-0.9590143561804153,-0.03754367093859555,250,250,-0.4197510017179149,0.6748515387519238,0.8435644234399048
wealthy,latino→middle_eastern,pull_MAD,-1.672360752816312,-0.03199934942982072,250,250,-0.35776360280424135,0.7206787424524117,0.8007541582804575
wealthy,latino→middle_eastern,pull_early,-0.8259683081094407,-0.0694220340911935,250,250,-0.7761619368210826,0.43802553547487444,0.8559092153729735
wealthy,latino→middle_eastern,pull_final,-4.351634801663761,-0.0845793394825083,184,166,-0.7885911572889527,0.430904947173,0.8618098943460001
wealthy,latino→middle_eastern,pull_release,-4.402472702786326,-0.09442809103590824,250,250,-1.055738152709147,0.2916179840173987,0.5350041984215996
wealthy,latino→middle_eastern,pull_tcp,3.4855093946680427,0.045931827750227236,250,250,0.5135334459015967,0.6078061788120539,0.8080617890073593
wealthy,latino→middle_eastern,q_exploded,-0.02,-0.16799789497932321,250,250,-1.8782735662531866,0.06101454089453426,0.18304362268360277
wealthy,latino→middle_eastern,q_jerk_in_grasp,-0.016,-0.20902200545942112,250,250,-2.336937065002989,0.02011138246322588,0.043095819564055456
wealthy,latino→middle_eastern,q_tile_drift,-0.019635284319519997,-0.08166373660710449,250,250,-0.9130283317506185,0.3616868966198007,0.5166955665997153
wealthy,latino→middle_eastern,xpos_reversals,-0.13800000000000012,-0.16893212732490726,250,250,-1.8887186014107116,0.05955393878268225,0.17866181634804676
criminal,asian→black,choice_chosen_side,9.0033709106985,0.18197358024157273,71,63,1.122948849995611,0.2614592188379712,0.7396067068605756
criminal,asian→black,choice_chosen_side_soft,1.2833897328821342,0.025688197334497787,86,94,0.17936062883738724,0.8576545436702719,0.9529494929669688
criminal,asian→black,choice_first_touch_side,0.010588030784297597,0.0002129655094484928,179,149,0.001969415450060848,0.9984286348343719,0.9984286348343719
criminal,asian→latino,choice_chosen_side,-4.261622249427127,-0.08527048358526779,78,49,-0.49697814708468635,0.6192044617469832,0.8734905650550088
criminal,asian→latino,choice_chosen_side_soft,1.333509258037563,0.026672995841519054,108,78,0.18766650934345597,0.8511380854323368,0.9529494929669688
criminal,asian→latino,choice_first_touch_side,-3.0730824709263693,-0.061503005129007526,164,141,-0.5499288057642887,0.5823682057840024,0.9278469793597993
criminal,asian→middle_eastern,choice_chosen_side,1.7568799888472375,0.03574925957817343,76,48,0.20599593103546754,0.8367940897105969,0.9103668966017526
criminal,asian→middle_eastern,choice_chosen_side_soft,4.1031528890626,0.0826035591397627,99,76,0.5691005675716937,0.5692878932224139,0.9529494929669688
criminal,asian→middle_eastern,choice_first_touch_side,-3.0787195260879474,-0.06169383991646882,172,115,-0.5264878845419243,0.5985492676586752,0.9278469793597993
criminal,black→latino,choice_chosen_side,9.04646230486572,0.1812353502246966,84,47,1.0688462713557916,0.28513894546174023,0.7396067068605756
criminal,black→latino,choice_chosen_side_soft,7.479471198713172,0.14973628955868978,112,81,1.0770833043949932,0.28144305111341905,0.8146495745869793
criminal,black→latino,choice_first_touch_side,7.1648536992116485,0.14346429517084602,199,124,1.2900084651484611,0.19704771897795514,0.7066416409253007
criminal,black→middle_eastern,choice_chosen_side,6.151256151256157,0.12491451075689208,78,60,0.7670357521551494,0.4430602590635706,0.8307379857441949
criminal,black→middle_eastern,choice_chosen_side_soft,3.030277786005553,0.06095623353499269,102,100,0.45079982693852133,0.6521338260584295,0.9529494929669688
criminal,black→middle_eastern,choice_first_touch_side,5.317102235430049,0.10712187779065863,179,154,1.000581100186418,0.3170293711047095,0.8545831969367415
criminal,latino→middle_eastern,choice_chosen_side,-6.879977803890847,-0.13772533559463285,69,50,-0.7998198132280618,0.42381520186248534,0.8307379857441949
criminal,latino→middle_eastern,choice_chosen_side_soft,-4.05999405999406,-0.08132439164928695,94,77,-0.5537697490331115,0.5797364337756952,0.9529494929669688
criminal,latino→middle_eastern,choice_first_touch_side,4.4287151377442155,0.08860515949562942,154,112,0.7358747787091149,0.46180690752510045,0.8747180551708381
education,asian→black,choice_chosen_side,-23.347941413908437,-0.47156739860624475,52,55,-2.6922493211918224,0.007097186698867634,0.07097186698867634
education,asian→black,choice_chosen_side_soft,-21.327996715927753,-0.4298623316824215,69,71,-2.7206233983138235,0.006515894739835421,0.09773842109753131
education,asian→black,choice_first_touch_side,-14.533969175478612,-0.2917997630556868,103,148,-2.3773420357948876,0.01743791011516337,0.1743791011516337
education,asian→latino,choice_chosen_side,0.0,0.0,31,42,0.0,1.0,1.0
education,asian→latino,choice_chosen_side_soft,-3.396249243799149,-0.0680582903379483,55,67,-0.39676807357190547,0.6915384959767354,0.9529494929669688
education,asian→latino,choice_first_touch_side,-5.876798995460253,-0.11781698385400152,86,114,-0.8577564974719639,0.3910269357533269,0.8747180551708381
education,asian→middle_eastern,choice_chosen_side,-4.845446950710114,-0.09877732859360266,46,54,-0.5293967304190769,0.5965302658204878,0.8734905650550088
education,asian→middle_eastern,choice_chosen_side_soft,-2.227355977355977,-0.04455792987465279,73,74,-0.2841382801770737,0.77630441203416,0.9529494929669688
education,asian→middle_eastern,choice_first_touch_side,2.465302332226149,0.04934103727145822,101,115,0.3749119448543821,0.7077259552445796,0.9278469793597993
education,black→latino,choice_chosen_side,8.690217391304344,0.175602371975921,45,55,0.9471924016863745,0.3435407465042375,0.7396067068605756
education,black→latino,choice_chosen_side_soft,10.753577804269042,0.21606808561110347,67,80,1.3706102075420048,0.17049649923878574,0.8146495745869793
education,black→latino,choice_first_touch_side,10.40369159285447,0.21018728460243197,102,133,1.669749800179175,0.09496887621878342,0.40700946950907174
education,black→middle_eastern,choice_chosen_side,-0.866290572172923,-0.01732633893286306,39,47,-0.08736392405080717,0.9303822441389955,0.9624643904886161
education,black→middle_eastern,choice_chosen_side_soft,4.157352841563366,0.08319265841011392,73,79,0.5401812713740135,0.5890720272845302,0.9529494929669688
education,black→middle_eastern,choice_first_touch_side,3.7901785714285707,0.07583390807530943,102,127,0.5914781478808743,0.5542000925055508,0.9278469793597993
education,latino→middle_eastern,choice_chosen_side,-9.020737327188938,-0.18349361846202727,41,56,-0.9706203216384425,0.3317373825422173,0.7396067068605756
education,latino→middle_eastern,choice_chosen_side_soft,-0.8455199530714497,-0.016922799170689506,71,83,-0.11076777190382807,0.9118005023395134,0.9545177635136113
education,latino→middle_eastern,choice_first_touch_side,-1.0342555994729885,-0.020696135635560164,88,126,-0.15497045990075478,0.8768446055119998,0.9536828009502833
janitor,asian→black,choice_chosen_side,-7.70676691729324,-0.15779009377617226,14,45,-0.6177013866055876,0.53677219779541,0.8734905650550088
janitor,asian→black,choice_chosen_side_soft,0.4524886877828038,0.009073616203603141,30,60,0.04453269871056102,0.9644797880204986,0.9644797880204986
janitor,asian→black,choice_first_touch_side,-2.505231341548475,-0.05073773990603492,22,97,-0.24805745286389372,0.8040899546059282,0.9536828009502833
janitor,asian→latino,choice_chosen_side,20.47619047619047,0.41275816906700924,13,58,1.578706875917172,0.11440330695355552,0.4793031541609744
janitor,asian→latino,choice_chosen_side_soft,12.139392139392141,0.24400065987098873,22,72,1.1511118222934884,0.2496862349276774,0.8146495745869793
janitor,asian→latino,choice_first_touch_side,10.62678062678063,0.2129419277745126,19,106,0.95054917671371,0.3418332787746966,0.8545831969367415
janitor,asian→middle_eastern,choice_chosen_side,28.71212121212121,0.5824629847732756,15,37,2.2214801653726965,0.026318456665899315,0.19738842499424486
janitor,asian→middle_eastern,choice_chosen_side_soft,5.548187444739167,0.11151598161330889,23,47,0.49329721164441404,0.6218025982957399,0.9529494929669688
janitor,asian→middle_eastern,choice_first_touch_side,12.916666666666671,0.26007746037817747,20,73,1.186190154076485,0.2355472136417669,0.7066416409253007
janitor,black→latino,choice_chosen_side,2.229064039408862,0.04458585349346578,17,57,0.18953213659850893,0.8496757701616358,0.9103668966017526
janitor,black→latino,choice_chosen_side_soft,2.3899193823870957,0.047806898708803613,33,83,0.2570163908079656,0.7971661199661026,0.9529494929669688
janitor,black→latino,choice_first_touch_side,-1.5498304584991796,-0.0310060672146657,33,107,-0.17095770051892098,0.8642570259646253,0.9536828009502833
janitor,black→middle_eastern,choice_chosen_side,-36.58602150537635,-0.771763698856623,14,61,-3.1566412335625245,0.001595975772724053,0.023939636590860795
janitor,black→middle_eastern,choice_chosen_side_soft,-25.527501185395916,-0.5237972542317155,20,75,-2.4037472970497196,0.01622798679350515,0.1622798679350515
janitor,black→middle_eastern,choice_first_touch_side,-20.820251177394034,-0.41986298575530046,26,101,-2.1135282841917498,0.0345555767703868,0.2073334606223208
janitor,latino→middle_eastern,choice_chosen_side,5.32407407407407,0.10680825404318495,14,51,0.42681693866288734,0.6695126679924163,0.8734905650550088
janitor,latino→middle_eastern,choice_chosen_side_soft,9.778403439661043,0.196433819806749,31,66,0.9939421682933575,0.32025102334099587,0.8146495745869793
janitor,latino→middle_eastern,choice_first_touch_side,4.072858036272676,0.0814803988852173,25,93,0.40712804035460215,0.6839139497604092,0.9278469793597993
pilot,asian→black,choice_chosen_side,2.658303464755085,0.053174063773645974,59,58,0.30596816789803793,0.7596288825448131,0.9103668966017526
pilot,asian→black,choice_chosen_side_soft,1.7008097946592082,0.03410050850839008,101,81,0.2383375129772601,0.8116193283462555,0.9529494929669688
pilot,asian→black,choice_first_touch_side,3.178963893249609,0.0636017690505446,105,101,0.47444347931672715,0.6351836940231388,0.9278469793597993
pilot,asian→latino,choice_chosen_side,-1.7720398970398954,-0.035673492187480615,58,62,-0.20696395421384312,0.836038009357108,0.9103668966017526
pilot,asian→latino,choice_chosen_side_soft,-6.581721470019353,-0.13199797522333956,97,84,-0.9287574202434132,0.35301481565435766,0.8146495745869793
pilot,asian→latino,choice_first_touch_side,4.906304222093693,0.09839303909788355,99,102,0.7281589420214006,0.46651629609111367,0.8747180551708381
pilot,asian→middle_eastern,choice_chosen_side,13.611111111111107,0.27368674901566625,62,52,1.5618996092031339,0.1183116405731268,0.4793031541609744
pilot,asian→middle_eastern,choice_chosen_side_soft,8.163390663390658,0.16373658254122359,96,72,1.1024505169899386,0.2702658597754328,0.8146495745869793
pilot,asian→middle_eastern,choice_first_touch_side,14.208219061942472,0.287291049735084,89,95,2.026819615810468,0.042680863626601555,0.21340431813300778
pilot,black→latino,choice_chosen_side,-27.56751307759372,-0.5688840426010249,57,68,-3.4436802182496056,0.0005738539992771412,0.017215619978314237
pilot,black→latino,choice_chosen_side_soft,-21.11459277156952,-0.43081895202941833,87,90,-3.043245981389345,0.002340409387968358,0.07021228163905073
pilot,black→latino,choice_first_touch_side,-20.27468197680964,-0.41147196229247784,92,117,-3.1222428013555397,0.0017947885140176816,0.05384365542053045
pilot,black→middle_eastern,choice_chosen_side,8.996800301148134,0.18023545133132002,43,51,0.944038848497781,0.34514979653493527,0.7396067068605756
pilot,black→middle_eastern,choice_chosen_side_soft,2.7046783625731097,0.05414634416152109,73,75,0.34698834698035347,0.7286000733033793,0.9529494929669688
pilot,black→middle_eastern,choice_first_touch_side,5.640647180281322,0.11300082825363034,95,97,0.816184811438834,0.41439444243494206,0.8747180551708381
pilot,latino→middle_eastern,choice_chosen_side,4.8654244306418235,0.09749284807094405,52,47,0.5244224902931217,0.5999847172000478,0.8734905650550088
pilot,latino→middle_eastern,choice_chosen_side_soft,8.482688622007517,0.16989009280608025,77,69,1.0904660887035242,0.2755078834272984,0.8146495745869793
pilot,latino→middle_eastern,choice_first_touch_side,-0.22364603481624945,-0.004486605647930686,91,95,-0.03220440255254597,0.9743090452725179,0.9984286348343719
wealthy,asian→black,choice_chosen_side,-23.684210526315784,-0.5355268192587379,43,10,-1.8370588401501502,0.06620120954326476,0.39720725725958855
wealthy,asian→black,choice_chosen_side_soft,-13.154761904761902,-0.2901122358740187,53,20,-1.2308769775810038,0.21836887942258298,0.8146495745869793
wealthy,asian→black,choice_first_touch_side,-23.69148872895974,-0.5494807231770442,89,26,-2.7201686921757813,0.00652486202291801,0.09787293034377015
wealthy,asian→latino,choice_chosen_side,-4.861111111111116,-0.09794769696775796,31,17,-0.38394991529630373,0.7010155693544728,0.8762694616930911
wealthy,asian→latino,choice_chosen_side_soft,-1.0983655720497865,-0.02199466052144783,46,23,-0.0970326010154606,0.9227005047298242,0.9545177635136113
wealthy,asian→latino,choice_first_touch_side,-1.3144841269841279,-0.026417544622635125,67,34,-0.138172678250236,0.8901039475535978,0.9536828009502833
wealthy,asian→middle_eastern,choice_chosen_side,-7.065217391304346,-0.15672859199054057,39,16,-0.5667322020188995,0.5708961390807197,0.8734905650550088
wealthy,asian→middle_eastern,choice_chosen_side_soft,-3.045427047241922,-0.06431360727637814,51,25,-0.2751604426904014,0.7831929764649036,0.9529494929669688
wealthy,asian→middle_eastern,choice_first_touch_side,-3.7678855325914196,-0.07569532134100743,74,27,-0.37004447722263917,0.7113493508425128,0.9278469793597993
wealthy,black→latino,choice_chosen_side,16.641414141414142,0.38200078358876666,37,21,1.5227783251532394,0.1278141744429265,0.4793031541609744
wealthy,black→latino,choice_chosen_side_soft,9.446169772256729,0.2228990694515982,51,26,0.9802278614896196,0.32697365445734683,0.8146495745869793
wealthy,black→latino,choice_first_touch_side,18.949948400412797,0.4045241220714606,70,37,2.1804813882731393,0.02922179696958379,0.2073334606223208
wealthy,black→middle_eastern,choice_chosen_side,13.988095238095239,0.2937371622853677,39,17,1.1988195232612813,0.23059812945581526,0.7396067068605756
wealthy,black→middle_eastern,choice_chosen_side_soft,14.554467271858574,0.3124200405455724,51,27,1.49778557862951,0.134188968852588,0.8146495745869793
wealthy,black→middle_eastern,choice_first_touch_side,11.35746606334841,0.23325290702901813,69,34,1.2009763656443577,0.2297603693702016,0.7066416409253007
wealthy,latino→middle_eastern,choice_chosen_side,-5.833333333333335,-0.11693296146237864,44,10,-0.42659258444842196,0.6696760998755067,0.8734905650550088
wealthy,latino→middle_eastern,choice_chosen_side_soft,-6.741591741591735,-0.1351005845488764,56,18,-0.579805802460517,0.5620455842027463,0.9529494929669688
wealthy,latino→middle_eastern,choice_first_touch_side,-2.781867255551468,-0.055767280422554855,71,27,-0.2743499828748933,0.7838156766559271,0.9536828009502833
