topic,demo,metric,pol,bias_pp,lean_pp,p_img2_pct,n_ns,n_sw,ar_ns_pct,ar_sw_pct,p,q
criminal,asian→black,choice_chosen_side,pos,2.2727272727272707,-2.2727272727272707,52.27272727272727,36,33,14.399999999999999,13.200000000000001,0.8106420988651535,1.0
criminal,asian→black,choice_chosen_side,neg,2.1739130434782594,13.043478260869565,52.17391304347826,23,23,9.2,9.2,1.0,1.0
criminal,asian→black,choice_chosen_side_soft,pos,-1.7241379310344862,1.7241379310344835,48.275862068965516,64,58,25.6,23.200000000000003,0.7205396518883982,1.0
criminal,asian→black,choice_chosen_side_soft,neg,2.9326364692218387,6.591173054587688,52.93263646922184,42,41,16.8,16.400000000000002,0.6605536541531944,1.0
criminal,asian→black,choice_first_touch_side,pos,0.7056451612903247,5.544354838709678,50.70564516129033,64,62,25.6,24.8,1.0,1.0
criminal,asian→black,choice_first_touch_side,neg,3.007518796992481,10.150375939849624,53.00751879699248,38,42,15.2,16.8,0.6511622567001121,0.9770821718086324
criminal,asian→latino,choice_chosen_side,pos,-1.6967126193001059,0.47720042417815356,48.30328738069989,41,46,16.400000000000002,18.4,0.8311633802250995,1.0
criminal,asian→latino,choice_chosen_side,neg,5.032467532467533,-8.603896103896103,55.032467532467535,28,22,11.200000000000001,8.799999999999999,0.5689932758579203,1.0
criminal,asian→latino,choice_chosen_side_soft,pos,3.335478335478337,0.632775632775634,53.335478335478335,63,74,25.2,29.599999999999998,0.4943888416720472,1.0
criminal,asian→latino,choice_chosen_side_soft,neg,-1.1911514463981865,-0.028360748723765816,48.80884855360181,41,43,16.400000000000002,17.2,1.0,1.0
criminal,asian→latino,choice_first_touch_side,pos,1.6883116883116833,-0.2597402597402598,51.688311688311686,70,77,28.000000000000004,30.8,0.7422366808548873,0.9770821718086324
criminal,asian→latino,choice_first_touch_side,neg,2.786377708978327,-0.1547987616099089,52.78637770897833,38,34,15.2,13.600000000000001,0.8136054463007538,0.9770821718086324
criminal,asian→middle_eastern,choice_chosen_side,pos,-2.0962732919254656,-8.618012422360247,47.90372670807454,28,46,11.200000000000001,18.4,0.8102007360006795,1.0
criminal,asian→middle_eastern,choice_chosen_side,neg,-6.845238095238093,-13.988095238095235,43.154761904761905,24,21,9.6,8.4,0.3688424413288555,1.0
criminal,asian→middle_eastern,choice_chosen_side_soft,pos,-0.18558614290132835,-2.644602536343954,49.81441385709867,53,61,21.2,24.4,1.0,1.0
criminal,asian→middle_eastern,choice_chosen_side_soft,neg,-1.32275132275132,-6.084656084656087,48.67724867724868,54,42,21.6,16.8,0.8377407784338281,1.0
criminal,asian→middle_eastern,choice_first_touch_side,pos,-3.1191148775894573,-4.508003766478341,46.88088512241054,59,72,23.599999999999998,28.799999999999997,0.4872600010801595,0.9770821718086324
criminal,asian→middle_eastern,choice_first_touch_side,neg,-5.678353658536583,-15.053353658536587,44.32164634146341,41,32,16.400000000000002,12.8,0.33194727908684996,0.9770821718086324
criminal,black→latino,choice_chosen_side,pos,1.247248716067495,-10.821716801173883,51.247248716067496,47,29,18.8,11.600000000000001,1.0,1.0
criminal,black→latino,choice_chosen_side,neg,-8.333333333333337,-8.333333333333334,41.666666666666664,18,10,7.199999999999999,4.0,0.4442628309905199,1.0
criminal,black→latino,choice_chosen_side_soft,pos,0.1768867924528239,-6.426886792452829,50.17688679245283,64,53,25.6,21.2,1.0,1.0
criminal,black→latino,choice_chosen_side_soft,neg,-4.987760097919214,-10.801713586291308,45.012239902080786,38,43,15.2,17.2,0.37442854554524063,1.0
criminal,black→latino,choice_first_touch_side,pos,1.4973262032085488,-10.320855614973262,51.49732620320855,68,55,27.200000000000003,22.0,0.8532811919926935,0.9770821718086324
criminal,black→latino,choice_first_touch_side,neg,0.37715517241379004,-8.997844827586206,50.377155172413794,29,32,11.600000000000001,12.8,1.0,1.0
criminal,black→middle_eastern,choice_chosen_side,pos,6.690837178642051,-5.471324983520104,56.69083717864205,41,37,16.400000000000002,14.799999999999999,0.26208353168341353,1.0
criminal,black→middle_eastern,choice_chosen_side,neg,6.25,-6.25,56.25,16,24,6.4,9.6,0.5218668724341694,1.0
criminal,black→middle_eastern,choice_chosen_side_soft,pos,1.0027472527472492,-7.925824175824175,51.00274725274725,65,56,26.0,22.400000000000002,0.8552264643596067,1.0
criminal,black→middle_eastern,choice_chosen_side_soft,neg,7.499999999999996,-7.500000000000001,57.49999999999999,44,40,17.599999999999998,16.0,0.19056234464562316,1.0
criminal,black→middle_eastern,choice_first_touch_side,pos,1.8509127789046675,-3.3215010141987826,51.850912778904664,68,58,27.200000000000003,23.200000000000003,0.7223789324420669,0.9770821718086324
criminal,black→middle_eastern,choice_first_touch_side,neg,2.3809523809523836,-2.3809523809523836,52.38095238095239,30,42,12.0,16.8,0.8115881004904381,0.9770821718086324
criminal,latino→middle_eastern,choice_chosen_side,pos,0.4901960784313708,-0.4901960784313708,50.49019607843137,42,51,16.8,20.4,1.0,1.0
criminal,latino→middle_eastern,choice_chosen_side,neg,-9.276018099547512,5.429864253393665,40.723981900452486,26,17,10.4,6.800000000000001,0.34947530094214163,1.0
criminal,latino→middle_eastern,choice_chosen_side_soft,pos,-3.3252319929297447,0.09942554131683601,46.674768007070256,62,73,24.8,29.2,0.491701015572258,1.0
criminal,latino→middle_eastern,choice_chosen_side_soft,neg,-1.3783783783783754,5.378378378378379,48.62162162162163,50,37,20.0,14.799999999999999,0.8304161611794136,1.0
criminal,latino→middle_eastern,choice_first_touch_side,pos,-1.556997219647821,3.864689527340132,48.44300278035218,65,83,26.0,33.2,0.7415500467043541,0.9770821718086324
criminal,latino→middle_eastern,choice_first_touch_side,neg,-3.669354838709682,1.169354838709677,46.33064516129032,40,31,16.0,12.4,0.6344326729288154,0.9770821718086324
education,asian→black,choice_chosen_side,pos,-8.364661654135341,-4.793233082706768,41.63533834586466,38,28,15.2,11.200000000000001,0.21443235975895972,1.0
education,asian→black,choice_chosen_side,neg,-2.5862068965517238,-2.5862068965517238,47.41379310344828,29,38,11.600000000000001,15.2,0.8058483468119102,1.0
education,asian→black,choice_chosen_side_soft,pos,-4.178720668595309,-3.198328511732562,45.82127933140469,61,51,24.4,20.4,0.4479016253213957,1.0
education,asian→black,choice_chosen_side_soft,neg,0.40960451977400947,-1.2570621468926568,50.40960451977401,59,60,23.599999999999998,24.0,1.0,1.0
education,asian→black,choice_first_touch_side,pos,-8.049535603715174,-5.108359133126935,41.95046439628483,57,51,22.8,20.4,0.12112148109147913,0.9770821718086324
education,asian→black,choice_first_touch_side,neg,-1.2539899680802602,-2.234382124942999,48.74601003191974,43,51,17.2,20.4,0.8383656460592146,0.9770821718086324
education,asian→latino,choice_chosen_side,pos,-9.944444444444445,3.9444444444444446,40.05555555555556,25,36,10.0,14.399999999999999,0.18985749673456498,1.0
education,asian→latino,choice_chosen_side,neg,-3.1362007168458828,-7.974910394265231,46.863799283154115,36,31,14.399999999999999,12.4,0.6283182862104484,1.0
education,asian→latino,choice_chosen_side_soft,pos,-7.175773535220542,4.114549045424623,42.82422646477946,49,62,19.6,24.8,0.17862668091294742,1.0
education,asian→latino,choice_chosen_side_soft,neg,1.7261904761904812,-0.05952380952380931,51.72619047619048,60,56,24.0,22.400000000000002,0.8527052739392336,1.0
education,asian→latino,choice_first_touch_side,pos,-10.2328431372549,4.35049019607843,39.767156862745104,34,48,13.600000000000001,19.2,0.07535301681017945,0.9770821718086324
education,asian→latino,choice_first_touch_side,neg,-3.746530989824237,-1.5726179463459777,46.25346901017576,47,46,18.8,18.4,0.5361731202091278,0.9770821718086324
education,asian→middle_eastern,choice_chosen_side,pos,0.7834757834757844,-8.475783475783475,50.78347578347579,26,27,10.4,10.8,1.0,1.0
education,asian→middle_eastern,choice_chosen_side,neg,7.529411764705884,-10.47058823529412,57.529411764705884,34,25,13.600000000000001,10.0,0.29132155853317576,1.0
education,asian→middle_eastern,choice_chosen_side_soft,pos,-0.9090909090909094,0.0,49.09090909090909,55,55,22.0,22.0,1.0,1.0
education,asian→middle_eastern,choice_chosen_side_soft,neg,2.147610405323652,-3.0248033877797953,52.147610405323654,57,58,22.8,23.200000000000003,0.7101619906546206,1.0
education,asian→middle_eastern,choice_first_touch_side,pos,6.73374613003096,-3.792569659442724,56.73374613003096,51,38,20.4,15.2,0.283369942900754,0.9770821718086324
education,asian→middle_eastern,choice_first_touch_side,neg,7.954545454545459,-7.954545454545453,57.95454545454546,50,44,20.0,17.599999999999998,0.14568449969286149,0.9770821718086324
education,black→latino,choice_chosen_side,pos,-1.7050691244239635,3.1336405529953897,48.294930875576036,35,31,14.000000000000002,12.4,0.8095411205764842,1.0
education,black→latino,choice_chosen_side,neg,-4.6875,4.6875,45.3125,34,32,13.600000000000001,12.8,0.46966830863693254,1.0
education,black→latino,choice_chosen_side_soft,pos,-2.8920507268790585,3.7117228580266004,47.107949273120944,61,53,24.4,21.2,0.5760059072421975,1.0
education,black→latino,choice_chosen_side_soft,neg,-9.318181818181815,4.318181818181818,40.68181818181819,60,66,24.0,26.400000000000002,0.048567050067028696,0.6870872572258285
education,black→latino,choice_first_touch_side,pos,-3.6949685534591215,4.6383647798742125,46.30503144654088,53,48,21.2,19.2,0.5492850036846282,0.9770821718086324
education,black→latino,choice_first_touch_side,neg,-3.4042553191489358,6.5957446808510625,46.59574468085106,47,45,18.8,18.0,0.5351110094989745,0.9770821718086324
education,black→middle_eastern,choice_chosen_side,pos,-4.5882352941176485,-13.411764705882353,45.41176470588235,25,34,10.0,13.600000000000001,0.5885620163251619,1.0
education,black→middle_eastern,choice_chosen_side,neg,-3.7878787878787845,-3.787878787878787,46.21212121212122,33,38,13.200000000000001,15.2,0.6347019795735735,1.0
education,black→middle_eastern,choice_chosen_side_soft,pos,-2.7178602243313197,-5.176876617773946,47.28213977566868,57,61,22.8,24.4,0.5828598414168562,1.0
education,black→middle_eastern,choice_chosen_side_soft,neg,-6.907894736842107,-2.741228070175439,43.09210526315789,57,72,22.8,28.799999999999997,0.15579626555038217,1.0
education,black→middle_eastern,choice_first_touch_side,pos,1.4853472501003662,-8.08912083500602,51.48534725010037,53,47,21.2,18.8,0.8402127246194784,0.9770821718086324
education,black→middle_eastern,choice_first_touch_side,neg,-4.322071083808687,-1.491882404563405,45.67792891619131,43,53,17.2,21.2,0.419593119858513,0.9770821718086324
education,latino→middle_eastern,choice_chosen_side,pos,17.908902691511386,-6.004140786749479,67.90890269151139,21,23,8.4,9.2,0.031859029240470904,0.6563748657686282
education,latino→middle_eastern,choice_chosen_side,neg,7.088989441930615,13.49924585218703,57.088989441930615,34,39,13.600000000000001,15.6,0.23412484384378338,1.0
education,latino→middle_eastern,choice_chosen_side_soft,pos,3.0000000000000027,3.0000000000000027,53.0,50,48,20.0,19.2,0.6858039502747837,1.0
education,latino→middle_eastern,choice_chosen_side_soft,neg,10.86726599682708,13.3262823902697,60.86726599682708,62,61,24.8,24.4,0.015224769686854853,0.40853798825267423
education,latino→middle_eastern,choice_first_touch_side,pos,6.388888888888888,1.388888888888884,56.388888888888886,45,40,18.0,16.0,0.2807951448539352,0.9770821718086324
education,latino→middle_eastern,choice_first_touch_side,neg,7.1194762684124395,10.965630114566283,57.11947626841244,47,52,18.8,20.8,0.15715585508759852,0.9770821718086324
janitor,asian→black,choice_chosen_side,pos,5.000000000000004,4.999999999999999,55.00000000000001,55,54,22.0,21.6,0.3384085230625947,1.0
janitor,asian→black,choice_chosen_side,neg,3.452380952380951,0.11904761904761862,53.45238095238095,28,30,11.200000000000001,12.0,0.7930378039877025,1.0
janitor,asian→black,choice_chosen_side_soft,pos,7.342430149447687,-0.5523066926575726,57.34243014944769,81,76,32.4,30.4,0.07953642722233974,0.6870872572258285
janitor,asian→black,choice_chosen_side_soft,neg,2.4696356275303644,0.16194331983805377,52.469635627530366,57,65,22.8,26.0,0.7168366201237919,1.0
janitor,asian→black,choice_first_touch_side,pos,3.1488933601609648,6.006036217303823,53.14889336016096,71,70,28.4,28.000000000000004,0.49942213050483397,0.9770821718086324
janitor,asian→black,choice_first_touch_side,neg,2.9454022988505746,1.2212643678160884,52.945402298850574,48,58,19.2,23.200000000000003,0.5645482309515231,0.9770821718086324
janitor,asian→latino,choice_chosen_side,pos,-3.3333333333333326,-3.3333333333333326,46.666666666666664,60,60,24.0,24.0,0.5832466012484536,1.0
janitor,asian→latino,choice_chosen_side,neg,-6.0075093867334175,2.816020025031291,43.99249061326658,47,34,18.8,13.600000000000001,0.36848631586975567,1.0
janitor,asian→latino,choice_chosen_side_soft,pos,-2.3921568627450984,-1.725490196078433,47.6078431372549,85,75,34.0,30.0,0.6346490976345209,1.0
janitor,asian→latino,choice_chosen_side_soft,neg,1.1154598825831696,3.1702544031311146,51.11545988258317,70,73,28.000000000000004,29.2,0.8672690016379306,1.0
janitor,asian→latino,choice_first_touch_side,pos,-3.4664216505178755,-1.411627129969928,46.53357834948213,82,73,32.800000000000004,29.2,0.42340707852038884,0.9770821718086324
janitor,asian→latino,choice_first_touch_side,neg,-3.5588296327038806,5.457563809919069,46.44117036729612,79,61,31.6,24.4,0.49345070261110857,0.9770821718086324
janitor,asian→middle_eastern,choice_chosen_side,pos,-7.745098039215686,1.0784313725490213,42.254901960784316,60,51,24.0,20.4,0.12866755066875155,0.9650066300156366
janitor,asian→middle_eastern,choice_chosen_side,neg,0.4524886877828038,-3.3936651583710398,50.452488687782804,34,39,13.600000000000001,15.6,1.0,1.0
janitor,asian→middle_eastern,choice_chosen_side_soft,pos,-4.316870944484497,-2.2620764239365516,45.6831290555155,76,73,30.4,29.2,0.32706654331409835,1.0
janitor,asian→middle_eastern,choice_chosen_side_soft,neg,-1.5302066772654999,-2.881558028616851,48.4697933227345,68,74,27.200000000000003,29.599999999999998,0.7391007746875893,1.0
janitor,asian→middle_eastern,choice_first_touch_side,pos,-3.6616161616161658,0.883838383838384,46.338383838383834,72,77,28.799999999999997,30.8,0.414287455306609,0.9770821718086324
janitor,asian→middle_eastern,choice_first_touch_side,neg,-0.7575757575757569,-0.7575757575757569,49.24242424242424,66,64,26.400000000000002,25.6,1.0,1.0
janitor,black→latino,choice_chosen_side,pos,-2.0552560646900253,8.659029649595688,47.94474393530997,53,56,21.2,22.400000000000002,0.700416631591182,1.0
janitor,black→latino,choice_chosen_side,neg,5.978705978705978,4.627354627354629,55.978705978705975,33,37,13.200000000000001,14.799999999999999,0.34607806668517826,1.0
janitor,black→latino,choice_chosen_side_soft,pos,-2.887426900584794,6.834795321637427,47.11257309941521,76,72,30.4,28.799999999999997,0.5100176478471433,1.0
janitor,black→latino,choice_chosen_side_soft,neg,4.782425898675635,10.006306495690561,54.78242589867563,71,67,28.4,26.8,0.297815445151674,1.0
janitor,black→latino,choice_first_touch_side,pos,-4.728220402084881,4.0953090096798235,45.27177959791512,79,68,31.6,27.200000000000003,0.31965568376373743,0.9770821718086324
janitor,black→latino,choice_first_touch_side,neg,1.9444444444444486,3.611111111111112,51.94444444444445,63,60,25.2,24.0,0.7193381175361562,0.9770821718086324
janitor,black→middle_eastern,choice_chosen_side,pos,-0.18115942028985588,-8.51449275362319,49.81884057971014,46,48,18.4,19.2,1.0,1.0
janitor,black→middle_eastern,choice_chosen_side,neg,-0.9487666034155628,-3.889943074003796,49.051233396584436,31,34,12.4,13.600000000000001,1.0,1.0
janitor,black→middle_eastern,choice_chosen_side_soft,pos,-1.3511187607573139,-4.363166953528403,48.648881239242684,70,83,28.000000000000004,33.2,0.7477083939146725,1.0
janitor,black→middle_eastern,choice_chosen_side_soft,neg,3.051702395964684,3.8713745271122315,53.05170239596468,65,61,26.0,24.4,0.5919628408829546,1.0
janitor,black→middle_eastern,choice_first_touch_side,pos,3.298208640674394,-5.605900948366702,53.298208640674396,65,73,26.0,29.2,0.4937132909235985,0.9770821718086324
janitor,black→middle_eastern,choice_first_touch_side,neg,-0.6119402985074629,4.611940298507464,49.38805970149254,50,67,20.0,26.8,1.0,1.0
janitor,latino→middle_eastern,choice_chosen_side,pos,-6.03880896620943,2.977584476413517,43.96119103379057,49,61,19.6,24.4,0.2499943443009841,1.0
janitor,latino→middle_eastern,choice_chosen_side,neg,-1.3157894736842146,-1.315789473684212,48.68421052631579,38,42,15.2,16.8,0.826857169678556,1.0
janitor,latino→middle_eastern,choice_chosen_side_soft,pos,-1.1032895627453687,1.7056992012995793,48.89671043725463,83,89,33.2,35.6,0.8787222088105928,1.0
janitor,latino→middle_eastern,choice_chosen_side_soft,neg,-0.10964912280702066,4.057017543859651,49.89035087719298,76,72,30.4,28.799999999999997,1.0,1.0
janitor,latino→middle_eastern,choice_first_touch_side,pos,-4.548523206751054,0.11814345991561226,45.45147679324894,79,75,31.6,30.0,0.333416497412369,0.9770821718086324
janitor,latino→middle_eastern,choice_first_touch_side,neg,-0.9639303482587125,-3.202736318407959,49.036069651741286,72,67,28.799999999999997,26.8,0.8658466126473041,0.9770821718086324
pilot,asian→black,choice_chosen_side,pos,0.314623710042794,1.4095142209916949,50.314623710042795,116,137,46.400000000000006,54.800000000000004,1.0,1.0
pilot,asian→black,choice_chosen_side,neg,2.1568627450980316,5.49019607843137,52.15686274509803,85,75,34.0,30.0,0.633915546205688,1.0
pilot,asian→black,choice_chosen_side_soft,pos,-0.25492264416315247,1.6438115330520364,49.74507735583685,144,158,57.599999999999994,63.2,1.0,1.0
pilot,asian→black,choice_chosen_side_soft,neg,1.4219576719576743,3.2076719576719563,51.42195767195767,108,112,43.2,44.800000000000004,0.6873414046864774,1.0
pilot,asian→black,choice_first_touch_side,pos,-0.8666758015894782,0.25691970402850206,49.13332419841052,164,178,65.60000000000001,71.2,0.8286553005504671,0.9770821718086324
pilot,asian→black,choice_first_touch_side,neg,-1.647553516819572,2.4808868501529027,48.35244648318043,120,109,48.0,43.6,0.6913066657731024,0.9770821718086324
pilot,asian→latino,choice_chosen_side,pos,1.4786525656090843,4.377203290246767,51.47865256560908,111,138,44.4,55.2,0.7014925090063266,1.0
pilot,asian→latino,choice_chosen_side,neg,2.7234042553191506,4.723404255319153,52.72340425531915,94,100,37.6,40.0,0.47316764581852744,1.0
pilot,asian→latino,choice_chosen_side_soft,pos,1.2555148784380021,4.7146343752933415,51.255514878438,134,159,53.6,63.6,0.7241598185246881,1.0
pilot,asian→latino,choice_chosen_side_soft,neg,1.526717557251911,3.435114503816794,51.526717557251914,131,131,52.400000000000006,52.400000000000006,0.71030094645614,1.0
pilot,asian→latino,choice_first_touch_side,pos,0.02128565346956046,0.5959982971477235,50.02128565346956,162,174,64.8,69.6,1.0,1.0
pilot,asian→latino,choice_first_touch_side,neg,-1.1598144296912527,2.2236442169252912,48.84018557030875,141,133,56.39999999999999,53.2,0.7180450596468471,0.9770821718086324
pilot,asian→middle_eastern,choice_chosen_side,pos,1.4483065953654117,2.963458110516931,51.44830659536541,136,132,54.400000000000006,52.800000000000004,0.7135727005121725,1.0
pilot,asian→middle_eastern,choice_chosen_side,neg,0.21074815595363283,-3.6354056902002108,50.21074815595363,73,91,29.2,36.4,1.0,1.0
pilot,asian→middle_eastern,choice_chosen_side_soft,pos,1.244141294821477,1.550889761079144,51.244141294821475,161,163,64.4,65.2,0.658487754381643,1.0
pilot,asian→middle_eastern,choice_chosen_side_soft,neg,-0.45606922897013513,-3.999376315584316,49.54393077102986,101,127,40.400000000000006,50.8,0.89455623928882,1.0
pilot,asian→middle_eastern,choice_first_touch_side,pos,1.942355889724312,2.819548872180455,51.94235588972431,168,171,67.2,68.4,0.5143773089335258,0.9770821718086324
pilot,asian→middle_eastern,choice_first_touch_side,neg,2.398851831601967,-3.2463094587206087,52.39885183160197,118,124,47.199999999999996,49.6,0.5195198911200827,0.9770821718086324
pilot,black→latino,choice_chosen_side,pos,2.6949152542372845,-0.6949152542372883,52.69491525423729,125,118,50.0,47.199999999999996,0.4420471494596775,1.0
pilot,black→latino,choice_chosen_side,neg,-6.014412416851439,3.741685144124168,43.98558758314856,88,82,35.199999999999996,32.800000000000004,0.12639201491460011,0.9650066300156366
pilot,black→latino,choice_chosen_side_soft,pos,0.5045314397832401,0.14481920956740946,50.50453143978324,154,139,61.6,55.60000000000001,0.9070652557926492,1.0
pilot,black→latino,choice_chosen_side_soft,neg,-5.367849619186515,2.4752876357154423,44.632150380813485,121,102,48.4,40.8,0.13879544915965653,1.0
pilot,black→latino,choice_first_touch_side,pos,1.841343370005788,0.8859293572669347,51.84134337000579,165,157,66.0,62.8,0.5772371544714541,0.9770821718086324
pilot,black→latino,choice_first_touch_side,neg,-5.30685161832703,3.6675073560319458,44.69314838167297,122,117,48.8,46.800000000000004,0.11967826105135232,0.9770821718086324
pilot,black→middle_eastern,choice_chosen_side,pos,-1.331867057673508,-5.119745845552296,48.668132942326494,124,132,49.6,52.800000000000004,0.7069445833550037,1.0
pilot,black→middle_eastern,choice_chosen_side,neg,-2.570281124497992,-0.7630522088353409,47.42971887550201,90,83,36.0,33.2,0.5442359294274294,1.0
pilot,black→middle_eastern,choice_chosen_side_soft,pos,-0.9703852788959189,-4.348763657274296,49.02961472110408,141,148,56.39999999999999,59.199999999999996,0.8133432241006129,1.0
pilot,black→middle_eastern,choice_chosen_side_soft,neg,-2.7952921395544337,-3.614964270701976,47.204707860445566,117,122,46.800000000000004,48.8,0.4368309882630428,1.0
pilot,black→middle_eastern,choice_first_touch_side,pos,1.0147918816649448,-3.9559683522531808,51.01479188166495,170,171,68.0,68.4,0.744946319255427,0.9770821718086324
pilot,black→middle_eastern,choice_first_touch_side,neg,-5.691433104177684,0.04627181385510326,44.30856689582232,124,122,49.6,48.8,0.09717144768527271,0.9770821718086324
pilot,latino→middle_eastern,choice_chosen_side,pos,2.0973678727689404,1.684144732273074,52.09736787276894,119,121,47.599999999999994,48.4,0.5216929057870473,1.0
pilot,latino→middle_eastern,choice_chosen_side,neg,0.9420547458229622,2.6661926768574458,50.942054745822965,97,87,38.800000000000004,34.8,0.8825853432087984,1.0
pilot,latino→middle_eastern,choice_chosen_side_soft,pos,1.3894766539709336,-0.4090844971081975,51.38947665397093,153,139,61.199999999999996,55.60000000000001,0.6414274948671415,1.0
pilot,latino→middle_eastern,choice_chosen_side_soft,neg,0.736315643234231,5.821061405946093,50.73631564323423,122,118,48.8,47.199999999999996,0.8966469672293949,1.0
pilot,latino→middle_eastern,choice_first_touch_side,pos,3.1439366935196444,1.072930776359876,53.14393669351964,166,169,66.4,67.60000000000001,0.2750029558356861,0.9770821718086324
pilot,latino→middle_eastern,choice_first_touch_side,neg,1.6558182025807833,0.862167408929998,51.65581820258078,139,126,55.60000000000001,50.4,0.6237383779028449,0.9770821718086324
wealthy,asian→black,choice_chosen_side,pos,11.782700421940929,9.88396624472574,61.78270042194093,60,79,24.0,31.6,0.005804022051045452,0.34824132306272715
wealthy,asian→black,choice_chosen_side,neg,13.256704980842915,1.1877394636015337,63.25670498084291,45,29,18.0,11.600000000000001,0.032818743288431415,0.6563748657686282
wealthy,asian→black,choice_chosen_side_soft,pos,9.492515516611899,7.977364001460385,59.4925155166119,83,99,33.2,39.6,0.010987197128309392,0.40853798825267423
wealthy,asian→black,choice_chosen_side_soft,neg,10.71428571428572,1.785714285714285,60.71428571428572,72,56,28.799999999999997,22.400000000000002,0.02042689941263371,0.40853798825267423
wealthy,asian→black,choice_first_touch_side,pos,6.106915977466132,5.621479084262254,56.10691597746613,81,103,32.4,41.199999999999996,0.10367366555239965,0.9770821718086324
wealthy,asian→black,choice_first_touch_side,neg,10.028449502133707,-2.133712660028447,60.02844950213371,57,37,22.8,14.799999999999999,0.09061601712620042,0.9770821718086324
wealthy,asian→latino,choice_chosen_side,pos,4.8187633262260166,-3.3901918976545877,54.81876332622602,70,67,28.000000000000004,26.8,0.30523889267209,1.0
wealthy,asian→latino,choice_chosen_side,neg,-2.268907563025213,-6.554621848739495,47.731092436974784,34,35,13.600000000000001,14.000000000000002,0.8094026104858342,1.0
wealthy,asian→latino,choice_chosen_side_soft,pos,3.878458498023707,-0.4693675889328064,53.878458498023704,88,92,35.199999999999996,36.8,0.37100167462359734,1.0
wealthy,asian→latino,choice_chosen_side_soft,neg,-1.6129032258064502,-8.064516129032262,48.38709677419355,62,62,24.8,24.8,0.8557011652150011,1.0
wealthy,asian→latino,choice_first_touch_side,pos,2.717391304347827,-2.717391304347827,52.71739130434783,92,92,36.8,36.8,0.5548866202182979,0.9770821718086324
wealthy,asian→latino,choice_first_touch_side,neg,-2.6595744680851077,-2.6595744680851077,47.340425531914896,47,48,18.8,19.2,0.6827452706581814,0.9770821718086324
wealthy,asian→middle_eastern,choice_chosen_side,pos,-2.2727272727272707,2.2727272727272734,47.72727272727273,54,66,21.6,26.400000000000002,0.7138708229988671,1.0
wealthy,asian→middle_eastern,choice_chosen_side,neg,6.304985337243396,1.7595307917888603,56.304985337243394,31,22,12.4,8.799999999999999,0.4126730624560702,1.0
wealthy,asian→middle_eastern,choice_chosen_side_soft,pos,-1.3360203015375438,-1.910732945215707,48.663979698462455,77,87,30.8,34.8,0.7562323558187716,1.0
wealthy,asian→middle_eastern,choice_chosen_side_soft,neg,5.550016616816222,-1.3127284812229967,55.55001661681622,59,51,23.599999999999998,20.4,0.2585604055361027,1.0
wealthy,asian→middle_eastern,choice_first_touch_side,pos,-1.0714285714285732,2.261904761904759,48.92857142857142,84,90,33.6,36.0,0.8793739546277692,0.9770821718086324
wealthy,asian→middle_eastern,choice_first_touch_side,neg,6.6645807259073875,0.7822277847309156,56.664580725907385,47,34,18.8,13.600000000000001,0.2664070671120749,0.9770821718086324
wealthy,black→latino,choice_chosen_side,pos,-7.568438003220612,5.394524959742353,42.43156199677939,69,54,27.6,21.6,0.1041371022938804,0.9650066300156366
wealthy,black→latino,choice_chosen_side,neg,-9.464285714285714,11.964285714285715,40.535714285714285,40,35,16.0,14.000000000000002,0.10370549405473692,0.9650066300156366
wealthy,black→latino,choice_chosen_side_soft,pos,-7.43504330446369,5.856095936042638,42.56495669553631,95,79,38.0,31.6,0.06596975156874019,0.6870872572258285
wealthy,black→latino,choice_chosen_side_soft,neg,-7.675438596491224,8.991228070175442,42.324561403508774,76,57,30.4,22.8,0.08016018000968,0.6870872572258285
wealthy,black→latino,choice_first_touch_side,pos,-4.865196078431372,2.7818627450980404,45.134803921568626,96,85,38.4,34.0,0.23307513256588477,0.9770821718086324
wealthy,black→latino,choice_first_touch_side,neg,-7.464349376114088,8.444741532976826,42.535650623885914,51,44,20.4,17.599999999999998,0.1521496590684514,0.9770821718086324
wealthy,black→middle_eastern,choice_chosen_side,pos,-8.68045848476377,-6.625663964215822,41.31954151523623,49,73,19.6,29.2,0.06601918970032424,0.9650066300156366
wealthy,black→middle_eastern,choice_chosen_side,neg,-7.777777777777778,-2.2222222222222197,42.22222222222222,40,27,16.0,10.8,0.22495542943098237,1.0
wealthy,black→middle_eastern,choice_chosen_side_soft,pos,-2.8835386338185884,-5.011198208286677,47.11646136618141,76,94,30.4,37.6,0.5356649033897423,1.0
wealthy,black→middle_eastern,choice_chosen_side_soft,neg,-4.635416666666664,-6.302083333333336,45.364583333333336,64,60,25.6,24.0,0.36549255599974256,1.0
wealthy,black→middle_eastern,choice_first_touch_side,pos,-4.347826086956519,-2.173913043478262,45.652173913043484,69,92,27.6,36.8,0.33924135464881866,0.9770821718086324
wealthy,black→middle_eastern,choice_first_touch_side,neg,-5.952380952380953,-1.1904761904761918,44.047619047619044,49,42,19.6,16.8,0.29680772532709376,0.9770821718086324
wealthy,latino→middle_eastern,choice_chosen_side,pos,0.12315270935960854,7.0197044334975365,50.12315270935961,63,58,25.2,23.200000000000003,1.0,1.0
wealthy,latino→middle_eastern,choice_chosen_side,neg,1.5625,10.9375,51.5625,40,32,16.0,12.8,0.8121659774788703,1.0
wealthy,latino→middle_eastern,choice_chosen_side_soft,pos,-1.4766382603585038,6.354687040846313,48.523361739641494,82,83,32.800000000000004,33.2,0.7545990806898434,1.0
wealthy,latino→middle_eastern,choice_chosen_side_soft,neg,0.7237012147841781,5.440682346859655,50.72370121478418,73,53,29.2,21.2,1.0,1.0
wealthy,latino→middle_eastern,choice_first_touch_side,pos,-1.490514905149054,7.046070460704609,48.509485094850945,90,82,36.0,32.800000000000004,0.75849462782302,0.9770821718086324
wealthy,latino→middle_eastern,choice_first_touch_side,neg,-0.7680491551459334,3.993855606758831,49.23195084485407,62,42,24.8,16.8,1.0,1.0
